size.time,mean.prob
250kmCurrent,6.88E-08
250kmCurrent,3.89E-08
250kmCurrent,3.80E-08
250kmCurrent,6.68E-08
250kmCurrent,5.37E-08
250kmCurrent,7.22E-08
250kmCurrent,6.78E-08
250kmCurrent,2.75E-08
250kmCurrent,7.21E-08
250kmCurrent,4.58E-08
250kmCurrent,3.38E-08
250kmCurrent,7.10E-08
250kmCurrent,5.43E-08
250kmCurrent,7.10E-08
250kmCurrent,6.85E-08
250kmCurrent,6.90E-08
250kmCurrent,3.72E-08
250kmCurrent,7.12E-08
250kmCurrent,6.35E-08
250kmCurrent,3.26E-08
250kmCurrent,3.30E-08
250kmCurrent,3.18E-08
250kmCurrent,2.41E-08
250kmCurrent,3.89E-08
250kmCurrent,5.03E-08
250kmCurrent,5.78E-08
250kmCurrent,5.15E-08
250kmCurrent,6.64E-08
250kmCurrent,6.59E-08
250kmCurrent,7.38E-08
250kmCurrent,3.56E-08
250kmCurrent,3.46E-08
250kmCurrent,4.60E-08
250kmCurrent,3.22E-08
250kmCurrent,4.17E-08
250kmCurrent,7.12E-08
250kmCurrent,5.16E-08
250kmCurrent,4.96E-08
250kmCurrent,3.83E-08
250kmCurrent,3.98E-08
250kmCurrent,6.60E-08
250kmCurrent,6.99E-08
250kmCurrent,4.14E-08
250kmCurrent,3.54E-08
250kmCurrent,6.51E-08
250kmCurrent,5.24E-08
250kmCurrent,1.70E-08
250kmCurrent,3.54E-08
250kmCurrent,5.09E-08
250kmCurrent,5.21E-08
250kmCurrent,3.77E-08
250kmCurrent,4.00E-08
250kmCurrent,3.47E-08
250kmCurrent,6.48E-08
250kmCurrent,6.46E-08
250kmCurrent,6.66E-08
250kmCurrent,6.02E-08
250kmCurrent,3.87E-08
250kmCurrent,4.12E-08
250kmCurrent,3.75E-08
250kmCurrent,4.65E-08
250kmCurrent,3.41E-08
250kmCurrent,3.90E-08
250kmCurrent,7.07E-08
250kmCurrent,3.92E-08
250kmCurrent,3.61E-08
250kmCurrent,4.67E-08
250kmCurrent,5.40E-08
250kmCurrent,7.01E-08
250kmCurrent,7.37E-08
250kmCurrent,3.73E-08
250kmCurrent,6.79E-08
250kmCurrent,7.18E-08
250kmCurrent,6.75E-08
250kmCurrent,3.25E-08
250kmCurrent,4.83E-08
250kmCurrent,7.19E-08
250kmCurrent,7.00E-08
250kmCurrent,5.24E-08
250kmCurrent,3.52E-08
250kmCurrent,3.98E-08
250kmCurrent,7.06E-08
250kmCurrent,3.80E-08
250kmCurrent,2.58E-08
250kmCurrent,6.45E-08
250kmCurrent,6.73E-08
250kmCurrent,4.32E-08
250kmCurrent,3.95E-08
250kmCurrent,4.53E-08
250kmCurrent,7.21E-08
250kmCurrent,7.26E-08
250kmCurrent,3.52E-08
250kmCurrent,6.86E-08
250kmCurrent,7.21E-08
250kmCurrent,3.88E-08
250kmCurrent,6.14E-08
250kmCurrent,6.76E-08
250kmCurrent,2.74E-08
250kmCurrent,6.50E-08
250kmCurrent,5.07E-08
250kmCurrent,7.03E-08
250kmCurrent,4.98E-08
250kmCurrent,4.02E-08
250kmCurrent,3.80E-08
250kmCurrent,6.90E-08
250kmCurrent,3.95E-08
250kmCurrent,4.32E-08
250kmCurrent,3.96E-08
250kmCurrent,3.73E-08
250kmCurrent,3.62E-08
250kmCurrent,7.14E-08
250kmCurrent,6.47E-08
250kmCurrent,3.18E-08
250kmCurrent,6.65E-08
250kmCurrent,2.49E-08
250kmCurrent,5.69E-08
250kmCurrent,6.77E-08
250kmCurrent,3.24E-08
250kmCurrent,3.67E-08
250kmCurrent,4.79E-08
250kmCurrent,5.31E-08
250kmCurrent,3.71E-08
250kmCurrent,6.48E-08
250kmCurrent,3.66E-08
250kmCurrent,3.78E-08
250kmCurrent,2.87E-08
250kmCurrent,3.32E-08
250kmCurrent,6.65E-08
250kmCurrent,3.89E-08
250kmCurrent,3.48E-08
250kmCurrent,5.03E-08
250kmCurrent,3.71E-08
250kmCurrent,7.13E-08
250kmCurrent,5.64E-08
250kmCurrent,3.18E-08
250kmCurrent,6.45E-08
250kmCurrent,6.55E-08
250kmCurrent,4.14E-08
250kmCurrent,6.65E-08
250kmCurrent,7.14E-08
250kmCurrent,6.65E-08
250kmCurrent,7.20E-08
250kmCurrent,3.67E-08
250kmCurrent,3.45E-08
250kmCurrent,3.79E-08
250kmCurrent,6.80E-08
250kmCurrent,6.26E-08
250kmCurrent,7.33E-08
250kmCurrent,3.65E-08
250kmCurrent,3.59E-08
250kmCurrent,5.18E-08
250kmCurrent,6.38E-08
250kmCurrent,7.35E-08
250kmCurrent,4.04E-08
250kmCurrent,3.99E-08
250kmCurrent,3.63E-08
250kmCurrent,6.52E-08
250kmCurrent,3.92E-08
250kmCurrent,4.50E-08
250kmCurrent,7.33E-08
250kmCurrent,6.44E-08
250kmCurrent,3.53E-08
250kmCurrent,3.44E-08
250kmCurrent,6.54E-08
250kmCurrent,3.41E-08
250kmCurrent,6.51E-08
250kmCurrent,6.99E-08
250kmCurrent,4.09E-08
250kmCurrent,5.52E-08
250kmCurrent,4.10E-08
250kmCurrent,5.59E-08
250kmCurrent,5.83E-08
250kmCurrent,3.17E-08
250kmCurrent,3.08E-08
250kmCurrent,1.71E-08
250kmCurrent,4.33E-08
250kmCurrent,3.95E-08
250kmCurrent,4.96E-08
250kmCurrent,3.84E-08
250kmCurrent,4.89E-08
250kmCurrent,3.44E-08
250kmCurrent,3.51E-08
250kmCurrent,7.20E-08
250kmCurrent,3.72E-08
250kmCurrent,1.88E-08
250kmCurrent,5.46E-08
250kmCurrent,3.97E-08
250kmCurrent,7.25E-08
250kmCurrent,2.08E-08
250kmCurrent,2.81E-08
250kmCurrent,1.84E-08
250kmCurrent,6.51E-08
250kmCurrent,7.33E-08
250kmCurrent,7.09E-08
250kmCurrent,7.23E-08
250kmCurrent,4.12E-08
250kmCurrent,3.49E-08
250kmCurrent,7.04E-08
250kmCurrent,3.59E-08
250kmCurrent,6.54E-08
250kmCurrent,4.27E-08
250kmCurrent,1.89E-08
250kmCurrent,7.09E-08
250kmCurrent,7.19E-08
250kmCurrent,3.64E-08
250kmCurrent,4.13E-08
250kmCurrent,3.63E-08
250kmCurrent,5.71E-08
250kmCurrent,7.29E-08
250kmCurrent,3.42E-08
250kmCurrent,7.24E-08
250kmCurrent,5.92E-08
250kmCurrent,3.42E-08
250kmCurrent,7.20E-08
250kmCurrent,3.49E-08
250kmCurrent,5.03E-08
250kmCurrent,4.78E-08
250kmCurrent,4.49E-08
250kmCurrent,6.69E-08
250kmCurrent,6.80E-08
250kmCurrent,3.67E-08
250kmCurrent,7.16E-08
250kmCurrent,3.55E-08
250kmCurrent,7.25E-08
250kmCurrent,7.30E-08
250kmCurrent,3.53E-08
250kmCurrent,7.26E-08
250kmCurrent,3.61E-08
250kmCurrent,6.54E-08
250kmCurrent,3.52E-08
250kmCurrent,7.03E-08
250kmCurrent,3.96E-08
250kmCurrent,2.67E-08
250kmCurrent,4.88E-08
250kmCurrent,7.27E-08
250kmCurrent,4.42E-08
250kmCurrent,4.19E-08
250kmCurrent,4.14E-08
250kmCurrent,2.26E-08
250kmCurrent,3.61E-08
250kmCurrent,7.05E-08
250kmCurrent,3.49E-08
250kmCurrent,6.66E-08
250kmCurrent,3.73E-08
250kmCurrent,6.38E-08
250kmCurrent,6.59E-08
250kmCurrent,6.96E-08
250kmCurrent,2.98E-08
250kmCurrent,3.38E-08
250kmCurrent,6.69E-08
250kmCurrent,7.02E-08
250kmCurrent,2.37E-08
250kmCurrent,3.53E-08
250kmCurrent,6.92E-08
250kmCurrent,2.15E-08
250kmCurrent,3.89E-08
250kmCurrent,7.36E-08
250kmCurrent,7.37E-08
250kmCurrent,2.53E-08
250kmCurrent,6.68E-08
250kmCurrent,3.45E-08
250kmCurrent,6.74E-08
250kmCurrent,6.34E-08
250kmCurrent,4.06E-08
250kmCurrent,6.39E-08
250kmCurrent,6.55E-08
250kmCurrent,3.67E-08
250kmCurrent,6.50E-08
250kmCurrent,7.13E-08
250kmCurrent,6.81E-08
250kmCurrent,3.54E-08
250kmCurrent,2.46E-08
250kmCurrent,5.15E-08
250kmCurrent,7.21E-08
250kmCurrent,6.51E-08
250kmCurrent,7.21E-08
250kmCurrent,4.62E-08
250kmCurrent,3.98E-08
250kmCurrent,3.33E-08
250kmCurrent,7.29E-08
250kmCurrent,3.74E-08
250kmCurrent,4.33E-08
250kmCurrent,7.12E-08
250kmCurrent,2.60E-08
250kmCurrent,3.66E-08
250kmCurrent,7.29E-08
250kmCurrent,3.94E-08
250kmCurrent,3.66E-08
250kmCurrent,3.54E-08
250kmCurrent,7.18E-08
250kmCurrent,6.45E-08
250kmCurrent,3.66E-08
250kmCurrent,3.96E-08
250kmCurrent,6.53E-08
250kmCurrent,3.40E-08
250kmCurrent,5.35E-08
250kmCurrent,3.47E-08
250kmCurrent,3.57E-08
250kmCurrent,3.52E-08
250kmCurrent,6.81E-08
250kmCurrent,3.42E-08
250kmCurrent,7.04E-08
250kmCurrent,2.33E-08
250kmCurrent,3.91E-08
250kmCurrent,3.48E-08
250kmCurrent,2.00E-08
250kmCurrent,2.89E-08
250kmCurrent,2.72E-08
250kmCurrent,7.12E-08
250kmCurrent,5.19E-08
250kmCurrent,6.71E-08
250kmCurrent,2.39E-08
250kmCurrent,6.24E-08
250kmCurrent,6.46E-08
250kmCurrent,6.60E-08
250kmCurrent,7.28E-08
250kmCurrent,3.63E-08
250kmCurrent,3.57E-08
250kmCurrent,6.65E-08
250kmCurrent,4.33E-08
250kmCurrent,3.69E-08
250kmCurrent,7.03E-08
250kmCurrent,2.51E-08
250kmCurrent,7.34E-08
250kmCurrent,4.53E-08
250kmCurrent,6.80E-08
250kmCurrent,3.74E-08
250kmCurrent,7.23E-08
250kmCurrent,5.65E-08
250kmCurrent,6.46E-08
250kmCurrent,3.76E-08
250kmCurrent,7.21E-08
250kmCurrent,4.93E-08
250kmCurrent,6.60E-08
250kmCurrent,6.78E-08
250kmCurrent,4.61E-08
250kmCurrent,3.92E-08
250kmCurrent,6.91E-08
250kmCurrent,3.44E-08
250kmCurrent,3.89E-08
250kmCurrent,7.22E-08
250kmCurrent,2.63E-08
250kmCurrent,6.62E-08
250kmCurrent,3.48E-08
250kmCurrent,7.24E-08
250kmCurrent,3.00E-08
250kmCurrent,5.77E-08
250kmCurrent,3.44E-08
250kmCurrent,3.77E-08
250kmCurrent,3.27E-08
250kmCurrent,3.15E-08
250kmCurrent,3.67E-08
250kmCurrent,3.29E-08
250kmCurrent,6.68E-08
250kmCurrent,3.12E-08
250kmCurrent,3.87E-08
250kmCurrent,6.56E-08
250kmCurrent,6.84E-08
250kmCurrent,3.55E-08
250kmCurrent,7.19E-08
250kmCurrent,5.79E-08
250kmCurrent,6.45E-08
250kmCurrent,4.07E-08
250kmCurrent,6.81E-08
250kmCurrent,7.19E-08
250kmCurrent,6.57E-08
250kmCurrent,6.70E-08
250kmCurrent,3.83E-08
250kmCurrent,3.39E-08
250kmCurrent,6.45E-08
250kmCurrent,5.65E-08
250kmCurrent,3.89E-08
250kmCurrent,4.15E-08
250kmCurrent,2.87E-08
250kmCurrent,3.60E-08
250kmCurrent,6.34E-08
250kmCurrent,3.90E-08
250kmCurrent,4.84E-08
250kmCurrent,4.81E-08
250kmCurrent,2.59E-08
250kmCurrent,3.53E-08
250kmCurrent,3.21E-08
250kmCurrent,4.02E-08
250kmCurrent,4.23E-08
250kmCurrent,6.14E-08
250kmCurrent,3.72E-08
250kmCurrent,3.50E-08
250kmCurrent,5.63E-08
250kmCurrent,3.63E-08
250kmCurrent,3.22E-08
250kmCurrent,1.65E-08
250kmCurrent,6.46E-08
250kmCurrent,6.61E-08
250kmCurrent,7.03E-08
250kmCurrent,4.82E-08
250kmCurrent,2.03E-08
250kmCurrent,3.68E-08
250kmCurrent,3.64E-08
250kmCurrent,6.78E-08
250kmCurrent,3.57E-08
250kmCurrent,3.52E-08
250kmCurrent,3.86E-08
250kmCurrent,3.70E-08
250kmCurrent,3.79E-08
250kmCurrent,6.60E-08
250kmCurrent,7.26E-08
250kmCurrent,3.71E-08
250kmCurrent,3.61E-08
250kmCurrent,6.62E-08
250kmCurrent,6.28E-08
250kmCurrent,6.95E-08
250kmCurrent,1.83E-08
250kmCurrent,3.61E-08
250kmCurrent,2.28E-08
250kmCurrent,6.67E-08
250kmCurrent,6.95E-08
250kmCurrent,5.39E-08
250kmCurrent,5.73E-08
250kmCurrent,4.70E-08
250kmCurrent,3.78E-08
250kmCurrent,7.07E-08
250kmCurrent,6.46E-08
250kmCurrent,6.61E-08
250kmCurrent,5.48E-08
250kmCurrent,2.31E-08
250kmCurrent,4.05E-08
250kmCurrent,6.62E-08
250kmCurrent,4.92E-08
250kmCurrent,6.97E-08
250kmCurrent,3.75E-08
250kmCurrent,6.58E-08
250kmCurrent,3.66E-08
250kmCurrent,3.25E-08
250kmCurrent,4.61E-08
250kmCurrent,5.21E-08
250kmCurrent,4.08E-08
250kmCurrent,3.89E-08
250kmCurrent,6.52E-08
250kmCurrent,7.11E-08
250kmCurrent,1.72E-08
250kmCurrent,4.09E-08
250kmCurrent,5.76E-08
250kmCurrent,3.50E-08
250kmCurrent,4.55E-08
250kmCurrent,7.28E-08
250kmCurrent,1.80E-08
250kmCurrent,4.09E-08
250kmCurrent,3.37E-08
250kmCurrent,4.16E-08
250kmCurrent,3.90E-08
250kmCurrent,3.88E-08
250kmCurrent,3.57E-08
250kmCurrent,6.26E-08
250kmCurrent,6.08E-08
250kmCurrent,7.01E-08
250kmCurrent,3.84E-08
250kmCurrent,1.90E-08
250kmCurrent,6.62E-08
250kmCurrent,2.47E-08
250kmCurrent,4.12E-08
250kmCurrent,3.81E-08
250kmCurrent,7.31E-08
250kmCurrent,4.68E-08
250kmCurrent,3.97E-08
250kmCurrent,3.45E-08
250kmCurrent,3.42E-08
250kmCurrent,4.50E-08
250kmCurrent,7.20E-08
250kmCurrent,1.91E-08
250kmCurrent,6.83E-08
250kmCurrent,3.69E-08
250kmCurrent,3.03E-08
250kmCurrent,3.72E-08
250kmCurrent,7.22E-08
250kmCurrent,2.58E-08
250kmCurrent,1.76E-08
250kmCurrent,3.77E-08
250kmCurrent,5.30E-08
250kmCurrent,3.60E-08
250kmCurrent,1.73E-08
250kmCurrent,4.30E-08
250kmCurrent,3.77E-08
250kmCurrent,6.51E-08
250kmCurrent,4.77E-08
250kmCurrent,6.67E-08
250kmCurrent,3.68E-08
250kmCurrent,7.21E-08
250kmCurrent,2.55E-08
250kmCurrent,2.08E-08
250kmCurrent,5.83E-08
250kmCurrent,4.15E-08
250kmCurrent,7.23E-08
250kmCurrent,7.12E-08
250kmCurrent,7.35E-08
250kmCurrent,4.43E-08
250kmCurrent,4.01E-08
250kmCurrent,1.79E-08
250kmCurrent,3.39E-08
250kmCurrent,1.87E-08
250kmCurrent,3.46E-08
250kmCurrent,3.36E-08
250kmCurrent,5.84E-08
250kmCurrent,3.60E-08
250kmCurrent,3.84E-08
250kmCurrent,3.76E-08
250kmCurrent,2.12E-08
250kmCurrent,6.46E-08
250kmCurrent,4.21E-08
250kmCurrent,3.59E-08
250kmCurrent,2.78E-08
250kmCurrent,3.14E-08
250kmCurrent,3.91E-08
250kmCurrent,4.41E-08
250kmCurrent,3.50E-08
250kmCurrent,3.94E-08
250kmCurrent,5.88E-08
250kmCurrent,7.19E-08
250kmCurrent,7.14E-08
250kmCurrent,3.64E-08
250kmCurrent,2.10E-08
250kmCurrent,6.97E-08
250kmCurrent,7.22E-08
250kmCurrent,7.08E-08
250kmCurrent,6.93E-08
250kmCurrent,3.34E-08
250kmCurrent,3.53E-08
250kmCurrent,4.63E-08
250kmCurrent,3.73E-08
250kmCurrent,3.62E-08
250kmCurrent,3.76E-08
250kmCurrent,7.19E-08
250kmCurrent,3.52E-08
250kmCurrent,2.10E-08
250kmCurrent,3.71E-08
250kmCurrent,7.20E-08
250kmCurrent,5.93E-08
250kmCurrent,3.50E-08
250kmCurrent,5.89E-08
250kmCurrent,3.45E-08
250kmCurrent,2.63E-08
250kmCurrent,6.86E-08
250kmCurrent,7.11E-08
250kmCurrent,7.20E-08
250kmCurrent,6.90E-08
250kmCurrent,3.58E-08
250kmCurrent,3.80E-08
250kmCurrent,3.75E-08
250kmCurrent,4.63E-08
250kmCurrent,7.19E-08
250kmCurrent,4.38E-08
250kmCurrent,4.05E-08
250kmCurrent,3.93E-08
250kmCurrent,7.30E-08
250kmCurrent,4.03E-08
250kmCurrent,7.17E-08
250kmCurrent,3.75E-08
250kmCurrent,1.75E-08
250kmCurrent,7.20E-08
250kmCurrent,3.76E-08
250kmCurrent,3.29E-08
250kmCurrent,5.24E-08
250kmCurrent,7.15E-08
250kmCurrent,6.83E-08
250kmCurrent,5.19E-08
250kmCurrent,6.91E-08
250kmCurrent,3.59E-08
250kmCurrent,6.45E-08
250kmCurrent,6.90E-08
250kmCurrent,6.52E-08
250kmCurrent,6.47E-08
250kmCurrent,7.18E-08
250kmCurrent,7.25E-08
250kmCurrent,3.34E-08
250kmCurrent,3.60E-08
250kmCurrent,5.19E-08
250kmCurrent,6.88E-08
250kmCurrent,1.84E-08
250kmCurrent,3.91E-08
250kmCurrent,3.87E-08
250kmCurrent,3.73E-08
250kmCurrent,3.17E-08
250kmCurrent,6.52E-08
250kmCurrent,5.80E-08
250kmCurrent,3.30E-08
250kmCurrent,1.90E-08
250kmCurrent,5.79E-08
250kmCurrent,3.75E-08
250kmCurrent,7.30E-08
250kmCurrent,3.63E-08
250kmCurrent,3.30E-08
250kmCurrent,3.94E-08
250kmCurrent,4.51E-08
250kmCurrent,3.78E-08
250kmCurrent,3.22E-08
250kmCurrent,6.94E-08
250kmCurrent,6.20E-08
250kmCurrent,4.58E-08
250kmCurrent,6.61E-08
250kmCurrent,3.26E-08
250kmCurrent,7.28E-08
250kmCurrent,6.57E-08
250kmCurrent,3.79E-08
250kmCurrent,5.17E-08
250kmCurrent,3.24E-08
250kmCurrent,5.99E-08
250kmCurrent,3.39E-08
250kmCurrent,3.39E-08
250kmCurrent,7.22E-08
250kmCurrent,6.62E-08
250kmCurrent,4.72E-08
250kmCurrent,6.16E-08
250kmCurrent,5.03E-08
250kmCurrent,6.80E-08
250kmCurrent,6.50E-08
250kmCurrent,3.78E-08
250kmCurrent,7.18E-08
250kmCurrent,7.08E-08
250kmCurrent,6.57E-08
250kmCurrent,7.24E-08
250kmCurrent,6.38E-08
250kmCurrent,3.34E-08
250kmCurrent,6.85E-08
250kmCurrent,5.88E-08
250kmCurrent,6.48E-08
250kmCurrent,6.79E-08
250kmCurrent,3.76E-08
250kmCurrent,1.94E-08
250kmCurrent,5.97E-08
250kmCurrent,3.31E-08
250kmCurrent,4.32E-08
250kmCurrent,3.00E-08
250kmCurrent,6.85E-08
250kmCurrent,3.73E-08
250kmCurrent,4.40E-08
250kmCurrent,6.45E-08
250kmCurrent,6.59E-08
250kmCurrent,7.24E-08
250kmCurrent,3.23E-08
250kmCurrent,7.38E-08
250kmCurrent,3.52E-08
250kmCurrent,3.79E-08
250kmCurrent,6.60E-08
250kmCurrent,3.02E-08
250kmCurrent,3.74E-08
250kmCurrent,3.87E-08
250kmCurrent,3.71E-08
250kmCurrent,2.92E-08
250kmCurrent,2.33E-08
250kmCurrent,7.21E-08
250kmCurrent,2.12E-08
250kmCurrent,6.62E-08
250kmCurrent,7.19E-08
250kmCurrent,7.20E-08
250kmCurrent,5.34E-08
250kmCurrent,3.62E-08
250kmCurrent,1.74E-08
250kmCurrent,4.68E-08
250kmCurrent,4.10E-08
250kmCurrent,6.93E-08
250kmCurrent,3.59E-08
250kmCurrent,2.45E-08
250kmCurrent,3.48E-08
250kmCurrent,3.94E-08
250kmCurrent,3.30E-08
250kmCurrent,6.75E-08
250kmCurrent,1.93E-08
250kmCurrent,1.91E-08
250kmCurrent,3.31E-08
250kmCurrent,3.52E-08
250kmCurrent,6.97E-08
250kmCurrent,4.49E-08
250kmCurrent,7.32E-08
250kmCurrent,6.47E-08
250kmCurrent,7.13E-08
250kmCurrent,7.06E-08
250kmCurrent,3.47E-08
250kmCurrent,7.17E-08
250kmCurrent,4.94E-08
250kmCurrent,3.81E-08
250kmCurrent,3.52E-08
250kmCurrent,7.15E-08
250kmCurrent,6.91E-08
250kmCurrent,6.45E-08
250kmCurrent,6.47E-08
250kmCurrent,6.48E-08
250kmCurrent,5.78E-08
250kmCurrent,3.97E-08
250kmCurrent,6.48E-08
250kmCurrent,6.69E-08
250kmCurrent,3.23E-08
250kmCurrent,6.27E-08
250kmCurrent,6.95E-08
250kmCurrent,6.19E-08
250kmCurrent,7.37E-08
250kmCurrent,4.32E-08
250kmCurrent,3.23E-08
250kmCurrent,4.79E-08
250kmCurrent,4.98E-08
250kmCurrent,3.80E-08
250kmCurrent,6.48E-08
250kmCurrent,3.61E-08
250kmCurrent,5.00E-08
250kmCurrent,7.35E-08
250kmCurrent,4.78E-08
250kmCurrent,3.83E-08
250kmCurrent,7.21E-08
250kmCurrent,3.66E-08
250kmCurrent,1.74E-08
250kmCurrent,6.18E-08
250kmCurrent,3.67E-08
250kmCurrent,7.15E-08
250kmCurrent,3.62E-08
250kmCurrent,6.88E-08
250kmCurrent,6.55E-08
250kmCurrent,7.21E-08
250kmCurrent,2.66E-08
250kmCurrent,3.63E-08
250kmCurrent,6.54E-08
250kmCurrent,6.64E-08
250kmCurrent,3.56E-08
250kmCurrent,3.57E-08
250kmCurrent,4.68E-08
250kmCurrent,3.59E-08
250kmCurrent,4.03E-08
250kmCurrent,3.58E-08
250kmCurrent,3.63E-08
250kmCurrent,4.04E-08
250kmCurrent,3.74E-08
250kmCurrent,3.49E-08
250kmCurrent,4.17E-08
250kmCurrent,3.53E-08
250kmCurrent,3.32E-08
250kmCurrent,3.66E-08
250kmCurrent,2.31E-08
250kmCurrent,7.25E-08
250kmCurrent,2.66E-08
250kmCurrent,3.30E-08
250kmCurrent,3.97E-08
250kmCurrent,7.27E-08
250kmCurrent,6.88E-08
250kmCurrent,7.26E-08
250kmCurrent,6.21E-08
250kmCurrent,2.81E-08
250kmCurrent,3.16E-08
250kmCurrent,3.04E-08
250kmCurrent,2.76E-08
250kmCurrent,3.84E-08
250kmCurrent,3.80E-08
250kmCurrent,1.88E-08
250kmCurrent,3.84E-08
250kmCurrent,3.12E-08
250kmCurrent,6.46E-08
250kmCurrent,4.15E-08
250kmCurrent,3.42E-08
250kmCurrent,6.52E-08
250kmCurrent,3.62E-08
250kmCurrent,5.32E-08
250kmCurrent,1.87E-08
250kmCurrent,4.49E-08
250kmCurrent,2.83E-08
250kmCurrent,4.24E-08
250kmCurrent,6.69E-08
250kmCurrent,1.66E-08
250kmCurrent,1.80E-08
250kmCurrent,5.14E-08
250kmCurrent,5.08E-08
250kmCurrent,3.57E-08
250kmCurrent,1.86E-08
250kmCurrent,5.62E-08
250kmCurrent,4.33E-08
250kmCurrent,3.55E-08
250kmCurrent,6.46E-08
250kmCurrent,6.93E-08
250kmCurrent,3.58E-08
250kmCurrent,6.45E-08
250kmCurrent,3.75E-08
250kmCurrent,7.19E-08
250kmCurrent,3.87E-08
250kmCurrent,3.53E-08
250kmCurrent,7.14E-08
250kmCurrent,2.56E-08
250kmCurrent,1.82E-08
250kmCurrent,3.75E-08
250kmCurrent,2.27E-08
250kmCurrent,4.44E-08
250kmCurrent,3.31E-08
250kmCurrent,7.19E-08
250kmCurrent,2.01E-08
250kmCurrent,3.66E-08
250kmCurrent,5.99E-08
250kmCurrent,6.54E-08
250kmCurrent,2.82E-08
250kmCurrent,3.71E-08
250kmCurrent,3.25E-08
250kmCurrent,4.29E-08
250kmCurrent,5.18E-08
250kmCurrent,6.22E-08
250kmCurrent,7.22E-08
250kmCurrent,5.69E-08
250kmCurrent,5.74E-08
250kmCurrent,6.48E-08
250kmCurrent,4.16E-08
250kmCurrent,4.37E-08
250kmCurrent,3.53E-08
250kmCurrent,7.22E-08
250kmCurrent,7.28E-08
250kmCurrent,3.59E-08
250kmCurrent,3.82E-08
250kmCurrent,6.01E-08
250kmCurrent,6.81E-08
250kmCurrent,7.15E-08
250kmCurrent,6.86E-08
250kmCurrent,7.29E-08
250kmCurrent,6.84E-08
250kmCurrent,3.67E-08
250kmCurrent,6.59E-08
250kmCurrent,2.61E-08
250kmCurrent,4.61E-08
250kmCurrent,3.90E-08
250kmCurrent,3.18E-08
250kmCurrent,4.99E-08
250kmCurrent,3.26E-08
250kmCurrent,3.68E-08
250kmCurrent,3.80E-08
250kmCurrent,4.61E-08
250kmCurrent,5.10E-08
250kmCurrent,3.96E-08
250kmCurrent,3.70E-08
250kmCurrent,2.49E-08
250kmCurrent,4.08E-08
250kmCurrent,3.07E-08
250kmCurrent,7.26E-08
250kmCurrent,7.10E-08
250kmCurrent,4.53E-08
250kmCurrent,7.20E-08
250kmCurrent,4.73E-08
250kmCurrent,6.49E-08
250kmCurrent,2.53E-08
250kmCurrent,3.57E-08
250kmCurrent,3.38E-08
250kmCurrent,6.71E-08
250kmCurrent,3.04E-08
250kmCurrent,3.48E-08
250kmCurrent,4.75E-08
250kmCurrent,3.75E-08
250kmCurrent,3.49E-08
250kmCurrent,3.47E-08
250kmCurrent,6.64E-08
250kmCurrent,6.59E-08
250kmCurrent,6.75E-08
250kmCurrent,5.18E-08
250kmCurrent,6.53E-08
250kmCurrent,2.71E-08
250kmCurrent,6.69E-08
250kmCurrent,7.19E-08
250kmCurrent,3.80E-08
250kmCurrent,6.90E-08
250kmCurrent,1.91E-08
250kmCurrent,3.14E-08
250kmCurrent,4.03E-08
250kmCurrent,3.73E-08
250kmCurrent,7.20E-08
250kmCurrent,3.68E-08
250kmCurrent,6.51E-08
250kmCurrent,4.21E-08
250kmCurrent,5.07E-08
250kmCurrent,4.01E-08
250kmCurrent,3.60E-08
250kmCurrent,6.47E-08
250kmCurrent,6.21E-08
250kmCurrent,6.43E-08
250kmCurrent,7.14E-08
250kmCurrent,7.25E-08
250kmCurrent,6.56E-08
250kmCurrent,6.78E-08
250kmCurrent,3.67E-08
250kmCurrent,6.45E-08
250kmCurrent,3.47E-08
250kmCurrent,3.94E-08
250kmCurrent,4.22E-08
250kmCurrent,6.61E-08
250kmCurrent,3.43E-08
250kmCurrent,6.62E-08
250kmCurrent,3.50E-08
250kmCurrent,6.24E-08
250kmCurrent,3.34E-08
250kmCurrent,5.60E-08
250kmCurrent,6.79E-08
250kmCurrent,6.20E-08
250kmCurrent,3.98E-08
250kmCurrent,5.19E-08
250kmCurrent,3.44E-08
250kmCurrent,4.81E-08
250kmCurrent,3.26E-08
250kmCurrent,3.59E-08
250kmCurrent,6.75E-08
250kmCurrent,3.81E-08
250kmCurrent,7.15E-08
250kmCurrent,4.18E-08
250kmCurrent,6.53E-08
250kmCurrent,3.21E-08
250kmCurrent,7.01E-08
250kmCurrent,7.26E-08
250kmCurrent,4.06E-08
250kmCurrent,7.15E-08
250kmCurrent,3.06E-08
250kmCurrent,4.72E-08
250kmCurrent,4.49E-08
250kmCurrent,5.05E-08
250kmCurrent,3.92E-08
250kmCurrent,3.37E-08
250kmCurrent,4.12E-08
250kmCurrent,6.57E-08
250kmCurrent,5.86E-08
250kmCurrent,6.46E-08
250kmCurrent,3.43E-08
250kmCurrent,2.57E-08
250kmCurrent,3.76E-08
250kmCurrent,5.72E-08
250kmCurrent,3.51E-08
250kmCurrent,3.68E-08
250kmCurrent,7.20E-08
250kmCurrent,6.66E-08
250kmCurrent,6.49E-08
250kmCurrent,7.00E-08
250kmCurrent,6.59E-08
250kmCurrent,6.57E-08
250kmCurrent,4.37E-08
250kmCurrent,2.04E-08
250kmCurrent,6.80E-08
250kmCurrent,6.83E-08
250kmCurrent,6.54E-08
250kmCurrent,5.54E-08
250kmCurrent,3.39E-08
250kmCurrent,2.64E-08
250kmCurrent,3.43E-08
250kmCurrent,1.86E-08
250kmCurrent,1.73E-08
250kmCurrent,3.50E-08
250kmCurrent,3.00E-08
250kmCurrent,4.00E-08
250kmCurrent,6.51E-08
250kmCurrent,4.06E-08
250kmCurrent,3.64E-08
250kmCurrent,6.16E-08
250kmCurrent,3.78E-08
250kmCurrent,3.91E-08
250kmCurrent,6.48E-08
250kmCurrent,3.86E-08
250kmCurrent,2.60E-08
250kmCurrent,6.50E-08
250kmCurrent,3.71E-08
250kmCurrent,2.83E-08
250kmCurrent,2.68E-08
250kmCurrent,6.57E-08
250kmCurrent,6.53E-08
250kmCurrent,3.55E-08
250kmCurrent,3.92E-08
250kmCurrent,2.54E-08
250kmCurrent,3.70E-08
250kmCurrent,5.92E-08
250kmCurrent,3.42E-08
250kmCurrent,3.59E-08
250kmCurrent,3.33E-08
250kmCurrent,4.48E-08
250kmCurrent,2.04E-08
250kmCurrent,7.17E-08
250kmCurrent,4.73E-08
250kmCurrent,3.41E-08
250kmCurrent,4.74E-08
250kmCurrent,3.04E-08
250kmCurrent,3.54E-08
250kmCurrent,6.73E-08
250kmCurrent,3.62E-08
250kmCurrent,3.62E-08
250kmCurrent,3.59E-08
250kmCurrent,3.98E-08
250kmCurrent,5.01E-08
250kmCurrent,7.34E-08
250kmCurrent,6.71E-08
250kmCurrent,4.02E-08
250kmCurrent,1.76E-08
250kmCurrent,2.53E-08
250kmCurrent,6.94E-08
250kmCurrent,2.81E-08
250kmCurrent,4.68E-08
250kmCurrent,4.94E-08
250kmCurrent,3.23E-08
250kmCurrent,3.38E-08
250kmCurrent,4.51E-08
250kmCurrent,4.42E-08
250kmCurrent,4.41E-08
250kmCurrent,7.10E-08
250kmCurrent,3.67E-08
250kmCurrent,6.73E-08
250kmCurrent,3.83E-08
250kmCurrent,6.59E-08
250kmCurrent,7.31E-08
250kmCurrent,6.01E-08
250kmCurrent,6.57E-08
250kmLGM,2.87E-08
250kmLGM,2.42E-08
250kmLGM,3.24E-08
250kmLGM,1.65E-08
250kmLGM,2.65E-08
250kmLGM,3.16E-08
250kmLGM,1.43E-08
250kmLGM,1.29E-08
250kmLGM,6.72E-09
250kmLGM,7.91E-09
250kmLGM,2.86E-08
250kmLGM,2.75E-08
250kmLGM,2.72E-08
250kmLGM,2.92E-08
250kmLGM,1.49E-08
250kmLGM,2.05E-08
250kmLGM,2.13E-08
250kmLGM,2.79E-08
250kmLGM,7.90E-09
250kmLGM,2.65E-08
250kmLGM,1.75E-08
250kmLGM,2.69E-08
250kmLGM,1.81E-08
250kmLGM,2.82E-08
250kmLGM,1.57E-08
250kmLGM,1.28E-08
250kmLGM,6.78E-09
250kmLGM,1.04E-08
250kmLGM,1.89E-08
250kmLGM,1.12E-08
250kmLGM,5.76E-09
250kmLGM,2.43E-08
250kmLGM,2.35E-08
250kmLGM,2.94E-08
250kmLGM,2.16E-08
250kmLGM,1.02E-08
250kmLGM,1.27E-08
250kmLGM,1.78E-08
250kmLGM,2.54E-08
250kmLGM,5.53E-09
250kmLGM,1.75E-08
250kmLGM,3.28E-08
250kmLGM,3.26E-08
250kmLGM,2.78E-08
250kmLGM,2.41E-08
250kmLGM,1.80E-08
250kmLGM,2.49E-08
250kmLGM,1.39E-08
250kmLGM,1.76E-08
250kmLGM,2.97E-08
250kmLGM,3.27E-08
250kmLGM,1.15E-08
250kmLGM,7.04E-09
250kmLGM,2.30E-08
250kmLGM,2.28E-08
250kmLGM,3.26E-08
250kmLGM,1.62E-08
250kmLGM,7.14E-09
250kmLGM,2.09E-08
250kmLGM,1.27E-08
250kmLGM,3.33E-08
250kmLGM,2.01E-08
250kmLGM,1.02E-08
250kmLGM,2.18E-08
250kmLGM,8.20E-09
250kmLGM,2.07E-08
250kmLGM,1.80E-08
250kmLGM,2.06E-08
250kmLGM,1.47E-08
250kmLGM,2.74E-08
250kmLGM,1.67E-08
250kmLGM,9.48E-09
250kmLGM,2.80E-08
250kmLGM,2.29E-08
250kmLGM,3.03E-08
250kmLGM,2.56E-08
250kmLGM,1.80E-08
250kmLGM,9.18E-09
250kmLGM,2.85E-08
250kmLGM,2.37E-08
250kmLGM,1.95E-08
250kmLGM,1.95E-08
250kmLGM,3.24E-08
250kmLGM,2.62E-08
250kmLGM,1.92E-08
250kmLGM,1.90E-08
250kmLGM,2.28E-08
250kmLGM,1.69E-08
250kmLGM,2.70E-08
250kmLGM,1.34E-08
250kmLGM,2.58E-08
250kmLGM,3.18E-08
250kmLGM,1.93E-08
250kmLGM,1.63E-08
250kmLGM,1.00E-08
250kmLGM,1.29E-08
250kmLGM,2.70E-08
250kmLGM,1.96E-08
250kmLGM,1.01E-08
250kmLGM,2.36E-08
250kmLGM,3.30E-08
250kmLGM,6.55E-09
250kmLGM,1.67E-08
250kmLGM,1.15E-08
250kmLGM,2.29E-08
250kmLGM,9.31E-09
250kmLGM,2.73E-08
250kmLGM,2.84E-08
250kmLGM,3.16E-08
250kmLGM,1.40E-08
250kmLGM,2.93E-08
250kmLGM,7.05E-09
250kmLGM,2.65E-08
250kmLGM,2.50E-08
250kmLGM,6.80E-09
250kmLGM,1.86E-08
250kmLGM,6.89E-09
250kmLGM,1.20E-08
250kmLGM,2.90E-08
250kmLGM,1.54E-08
250kmLGM,1.27E-08
250kmLGM,1.62E-08
250kmLGM,2.00E-08
250kmLGM,2.96E-08
250kmLGM,1.71E-08
250kmLGM,7.71E-09
250kmLGM,2.75E-08
250kmLGM,1.64E-08
250kmLGM,2.59E-08
250kmLGM,2.60E-08
250kmLGM,6.88E-09
250kmLGM,8.59E-09
250kmLGM,1.04E-08
250kmLGM,1.09E-08
250kmLGM,1.97E-08
250kmLGM,1.20E-08
250kmLGM,6.43E-09
250kmLGM,2.55E-08
250kmLGM,1.91E-08
250kmLGM,2.95E-08
250kmLGM,3.08E-08
250kmLGM,1.39E-08
250kmLGM,3.10E-08
250kmLGM,3.38E-08
250kmLGM,2.78E-08
250kmLGM,5.66E-09
250kmLGM,1.38E-08
250kmLGM,2.49E-08
250kmLGM,2.19E-08
250kmLGM,1.87E-08
250kmLGM,1.95E-08
250kmLGM,3.11E-08
250kmLGM,8.88E-09
250kmLGM,2.29E-08
250kmLGM,2.42E-08
250kmLGM,2.36E-08
250kmLGM,2.21E-08
250kmLGM,1.56E-08
250kmLGM,2.79E-08
250kmLGM,2.97E-08
250kmLGM,1.99E-08
250kmLGM,1.00E-08
250kmLGM,2.50E-08
250kmLGM,2.75E-08
250kmLGM,2.43E-08
250kmLGM,2.49E-08
250kmLGM,2.81E-08
250kmLGM,2.53E-08
250kmLGM,1.67E-08
250kmLGM,1.43E-08
250kmLGM,1.82E-08
250kmLGM,9.31E-09
250kmLGM,2.44E-08
250kmLGM,1.86E-08
250kmLGM,3.26E-08
250kmLGM,2.38E-08
250kmLGM,1.80E-08
250kmLGM,2.50E-08
250kmLGM,2.96E-08
250kmLGM,2.99E-08
250kmLGM,2.33E-08
250kmLGM,1.55E-08
250kmLGM,9.38E-09
250kmLGM,2.71E-08
250kmLGM,2.09E-08
250kmLGM,2.58E-08
250kmLGM,6.62E-09
250kmLGM,3.33E-08
250kmLGM,2.15E-08
250kmLGM,2.38E-08
250kmLGM,1.34E-08
250kmLGM,1.04E-08
250kmLGM,3.18E-08
250kmLGM,1.44E-08
250kmLGM,1.86E-08
250kmLGM,2.36E-08
250kmLGM,2.14E-08
250kmLGM,2.20E-08
250kmLGM,1.06E-08
250kmLGM,1.22E-08
250kmLGM,3.42E-08
250kmLGM,2.84E-08
250kmLGM,2.48E-08
250kmLGM,1.67E-08
250kmLGM,8.99E-09
250kmLGM,1.59E-08
250kmLGM,2.32E-08
250kmLGM,2.82E-08
250kmLGM,2.34E-08
250kmLGM,2.62E-08
250kmLGM,1.94E-08
250kmLGM,9.96E-09
250kmLGM,1.54E-08
250kmLGM,1.49E-08
250kmLGM,2.05E-08
250kmLGM,7.21E-09
250kmLGM,2.94E-08
250kmLGM,1.35E-08
250kmLGM,3.17E-08
250kmLGM,8.42E-09
250kmLGM,1.71E-08
250kmLGM,3.22E-08
250kmLGM,1.88E-08
250kmLGM,2.91E-08
250kmLGM,1.87E-08
250kmLGM,2.07E-08
250kmLGM,1.86E-08
250kmLGM,1.88E-08
250kmLGM,5.80E-09
250kmLGM,2.65E-08
250kmLGM,2.90E-08
250kmLGM,2.11E-08
250kmLGM,1.84E-08
250kmLGM,2.49E-08
250kmLGM,2.26E-08
250kmLGM,3.12E-08
250kmLGM,2.77E-08
250kmLGM,2.73E-08
250kmLGM,3.43E-08
250kmLGM,2.27E-08
250kmLGM,2.43E-08
250kmLGM,7.00E-09
250kmLGM,3.18E-08
250kmLGM,2.64E-08
250kmLGM,1.29E-08
250kmLGM,2.85E-08
250kmLGM,2.36E-08
250kmLGM,1.35E-08
250kmLGM,1.75E-08
250kmLGM,2.98E-08
250kmLGM,1.06E-08
250kmLGM,2.44E-08
250kmLGM,2.83E-08
250kmLGM,1.86E-08
250kmLGM,1.28E-08
250kmLGM,2.06E-08
250kmLGM,2.03E-08
250kmLGM,2.72E-08
250kmLGM,3.23E-08
250kmLGM,2.25E-08
250kmLGM,2.31E-08
250kmLGM,7.53E-09
250kmLGM,2.14E-08
250kmLGM,2.42E-08
250kmLGM,2.75E-08
250kmLGM,1.58E-08
250kmLGM,2.14E-08
250kmLGM,1.70E-08
250kmLGM,1.12E-08
250kmLGM,9.80E-09
250kmLGM,2.25E-08
250kmLGM,1.23E-08
250kmLGM,6.61E-09
250kmLGM,2.61E-08
250kmLGM,1.91E-08
250kmLGM,2.58E-08
250kmLGM,2.37E-08
250kmLGM,1.73E-08
250kmLGM,2.77E-08
250kmLGM,6.86E-09
250kmLGM,9.87E-09
250kmLGM,1.25E-08
250kmLGM,1.96E-08
250kmLGM,1.40E-08
250kmLGM,2.98E-08
250kmLGM,1.36E-08
250kmLGM,1.93E-08
250kmLGM,2.81E-08
250kmLGM,1.78E-08
250kmLGM,1.92E-08
250kmLGM,7.79E-09
250kmLGM,2.13E-08
250kmLGM,1.22E-08
250kmLGM,2.33E-08
250kmLGM,2.45E-08
250kmLGM,7.04E-09
250kmLGM,1.98E-08
250kmLGM,1.77E-08
250kmLGM,6.00E-09
250kmLGM,2.71E-08
250kmLGM,1.69E-08
250kmLGM,1.43E-08
250kmLGM,1.18E-08
250kmLGM,1.17E-08
250kmLGM,2.74E-08
250kmLGM,1.83E-08
250kmLGM,1.42E-08
250kmLGM,2.35E-08
250kmLGM,2.56E-08
250kmLGM,1.42E-08
250kmLGM,7.03E-09
250kmLGM,1.80E-08
250kmLGM,1.09E-08
250kmLGM,2.88E-08
250kmLGM,2.78E-08
250kmLGM,2.86E-08
250kmLGM,1.85E-08
250kmLGM,3.40E-08
250kmLGM,2.41E-08
250kmLGM,1.58E-08
250kmLGM,2.36E-08
250kmLGM,1.81E-08
250kmLGM,1.60E-08
250kmLGM,1.04E-08
250kmLGM,2.49E-08
250kmLGM,1.78E-08
250kmLGM,1.56E-08
250kmLGM,2.53E-08
250kmLGM,3.19E-08
250kmLGM,2.51E-08
250kmLGM,1.85E-08
250kmLGM,6.13E-09
250kmLGM,1.48E-08
250kmLGM,2.35E-08
250kmLGM,7.15E-09
250kmLGM,9.18E-09
250kmLGM,1.38E-08
250kmLGM,2.75E-08
250kmLGM,1.46E-08
250kmLGM,6.11E-09
250kmLGM,1.50E-08
250kmLGM,2.46E-08
250kmLGM,6.30E-09
250kmLGM,1.47E-08
250kmLGM,8.37E-09
250kmLGM,2.65E-08
250kmLGM,1.34E-08
250kmLGM,2.37E-08
250kmLGM,2.62E-08
250kmLGM,7.92E-09
250kmLGM,2.64E-08
250kmLGM,2.79E-08
250kmLGM,1.51E-08
250kmLGM,1.56E-08
250kmLGM,1.44E-08
250kmLGM,2.41E-08
250kmLGM,2.05E-08
250kmLGM,2.77E-08
250kmLGM,3.36E-08
250kmLGM,1.61E-08
250kmLGM,9.98E-09
250kmLGM,9.82E-09
250kmLGM,2.01E-08
250kmLGM,1.31E-08
250kmLGM,1.21E-08
250kmLGM,1.42E-08
250kmLGM,2.77E-08
250kmLGM,2.64E-08
250kmLGM,2.96E-08
250kmLGM,1.58E-08
250kmLGM,1.96E-08
250kmLGM,9.54E-09
250kmLGM,8.02E-09
250kmLGM,2.91E-08
250kmLGM,1.50E-08
250kmLGM,2.40E-08
250kmLGM,2.43E-08
250kmLGM,2.57E-08
250kmLGM,9.81E-09
250kmLGM,1.75E-08
250kmLGM,1.62E-08
250kmLGM,2.58E-08
250kmLGM,7.54E-09
250kmLGM,1.98E-08
250kmLGM,1.86E-08
250kmLGM,2.64E-08
250kmLGM,2.65E-08
250kmLGM,2.58E-08
250kmLGM,1.06E-08
250kmLGM,2.09E-08
250kmLGM,6.21E-09
250kmLGM,3.33E-08
250kmLGM,2.52E-08
250kmLGM,3.04E-08
250kmLGM,2.67E-08
250kmLGM,8.58E-09
250kmLGM,3.31E-08
250kmLGM,1.43E-08
250kmLGM,2.39E-08
250kmLGM,3.31E-08
250kmLGM,1.77E-08
250kmLGM,2.15E-08
250kmLGM,3.03E-08
250kmLGM,1.31E-08
250kmLGM,2.90E-08
250kmLGM,2.50E-08
250kmLGM,1.64E-08
250kmLGM,2.44E-08
250kmLGM,1.82E-08
250kmLGM,1.99E-08
250kmLGM,1.04E-08
250kmLGM,2.19E-08
250kmLGM,2.59E-08
250kmLGM,2.71E-08
250kmLGM,2.56E-08
250kmLGM,2.82E-08
250kmLGM,1.65E-08
250kmLGM,7.89E-09
250kmLGM,7.08E-09
250kmLGM,3.25E-08
250kmLGM,1.22E-08
250kmLGM,2.52E-08
250kmLGM,1.29E-08
250kmLGM,2.73E-08
250kmLGM,2.86E-08
250kmLGM,2.47E-08
250kmLGM,2.84E-08
250kmLGM,2.81E-08
250kmLGM,1.18E-08
250kmLGM,2.00E-08
250kmLGM,3.18E-08
250kmLGM,1.36E-08
250kmLGM,1.69E-08
250kmLGM,2.57E-08
250kmLGM,3.28E-08
250kmLGM,2.44E-08
250kmLGM,2.37E-08
250kmLGM,2.79E-08
250kmLGM,1.83E-08
250kmLGM,7.04E-09
250kmLGM,2.92E-08
250kmLGM,2.52E-08
250kmLGM,2.93E-08
250kmLGM,7.86E-09
250kmLGM,1.93E-08
250kmLGM,1.30E-08
250kmLGM,7.85E-09
250kmLGM,2.91E-08
250kmLGM,2.53E-08
250kmLGM,2.72E-08
250kmLGM,2.00E-08
250kmLGM,2.53E-08
250kmLGM,2.65E-08
250kmLGM,3.08E-08
250kmLGM,1.55E-08
250kmLGM,3.13E-08
250kmLGM,6.57E-09
250kmLGM,3.10E-08
250kmLGM,6.43E-09
250kmLGM,1.29E-08
250kmLGM,3.17E-08
250kmLGM,2.35E-08
250kmLGM,1.87E-08
250kmLGM,1.94E-08
250kmLGM,2.59E-08
250kmLGM,6.66E-09
250kmLGM,1.44E-08
250kmLGM,2.27E-08
250kmLGM,2.60E-08
250kmLGM,2.94E-08
250kmLGM,3.03E-08
250kmLGM,2.54E-08
250kmLGM,6.79E-09
250kmLGM,2.51E-08
250kmLGM,3.20E-08
250kmLGM,1.90E-08
250kmLGM,2.87E-08
250kmLGM,3.08E-08
250kmLGM,9.53E-09
250kmLGM,2.30E-08
250kmLGM,1.60E-08
250kmLGM,1.11E-08
250kmLGM,5.87E-09
250kmLGM,2.73E-08
250kmLGM,1.42E-08
250kmLGM,6.18E-09
250kmLGM,7.70E-09
250kmLGM,1.21E-08
250kmLGM,1.06E-08
250kmLGM,2.72E-08
250kmLGM,1.49E-08
250kmLGM,2.32E-08
250kmLGM,2.65E-08
250kmLGM,8.36E-09
250kmLGM,1.56E-08
250kmLGM,1.85E-08
250kmLGM,2.69E-08
250kmLGM,3.24E-08
250kmLGM,2.05E-08
250kmLGM,1.68E-08
250kmLGM,1.66E-08
250kmLGM,2.47E-08
250kmLGM,2.13E-08
250kmLGM,1.89E-08
250kmLGM,3.15E-08
250kmLGM,1.19E-08
250kmLGM,1.75E-08
250kmLGM,2.32E-08
250kmLGM,6.84E-09
250kmLGM,3.39E-08
250kmLGM,2.40E-08
250kmLGM,2.45E-08
250kmLGM,2.76E-08
250kmLGM,1.48E-08
250kmLGM,2.40E-08
250kmLGM,2.95E-08
250kmLGM,2.32E-08
250kmLGM,3.13E-08
250kmLGM,3.07E-08
250kmLGM,3.36E-08
250kmLGM,6.90E-09
250kmLGM,3.15E-08
250kmLGM,1.45E-08
250kmLGM,2.33E-08
250kmLGM,5.77E-09
250kmLGM,2.41E-08
250kmLGM,2.26E-08
250kmLGM,1.54E-08
250kmLGM,1.56E-08
250kmLGM,1.30E-08
250kmLGM,8.77E-09
250kmLGM,9.36E-09
250kmLGM,1.43E-08
250kmLGM,1.45E-08
250kmLGM,1.64E-08
250kmLGM,1.51E-08
250kmLGM,5.96E-09
250kmLGM,2.97E-08
250kmLGM,2.83E-08
250kmLGM,3.38E-08
250kmLGM,6.96E-09
250kmLGM,2.45E-08
250kmLGM,3.24E-08
250kmLGM,2.18E-08
250kmLGM,2.63E-08
250kmLGM,2.71E-08
250kmLGM,7.56E-09
250kmLGM,2.83E-08
250kmLGM,1.71E-08
250kmLGM,8.11E-09
250kmLGM,7.18E-09
250kmLGM,2.15E-08
250kmLGM,1.56E-08
250kmLGM,8.71E-09
250kmLGM,2.67E-08
250kmLGM,2.64E-08
250kmLGM,2.56E-08
250kmLGM,2.48E-08
250kmLGM,2.26E-08
250kmLGM,1.43E-08
250kmLGM,1.82E-08
250kmLGM,3.01E-08
250kmLGM,1.72E-08
250kmLGM,1.86E-08
250kmLGM,8.37E-09
250kmLGM,2.09E-08
250kmLGM,2.72E-08
250kmLGM,1.65E-08
250kmLGM,1.55E-08
250kmLGM,2.87E-08
250kmLGM,1.56E-08
250kmLGM,1.06E-08
250kmLGM,1.83E-08
250kmLGM,2.64E-08
250kmLGM,1.59E-08
250kmLGM,2.39E-08
250kmLGM,1.88E-08
250kmLGM,7.21E-09
250kmLGM,2.48E-08
250kmLGM,2.79E-08
250kmLGM,1.14E-08
250kmLGM,1.97E-08
250kmLGM,2.10E-08
250kmLGM,2.43E-08
250kmLGM,2.54E-08
250kmLGM,1.10E-08
250kmLGM,2.04E-08
250kmLGM,2.53E-08
250kmLGM,7.01E-09
250kmLGM,7.93E-09
250kmLGM,1.45E-08
250kmLGM,2.56E-08
250kmLGM,2.28E-08
250kmLGM,2.43E-08
250kmLGM,1.37E-08
250kmLGM,2.95E-08
250kmLGM,3.09E-08
250kmLGM,2.83E-08
250kmLGM,2.17E-08
250kmLGM,1.74E-08
250kmLGM,1.41E-08
250kmLGM,2.30E-08
250kmLGM,1.84E-08
250kmLGM,2.88E-08
250kmLGM,1.85E-08
250kmLGM,2.89E-08
250kmLGM,1.74E-08
250kmLGM,2.76E-08
250kmLGM,1.27E-08
250kmLGM,2.95E-08
250kmLGM,1.08E-08
250kmLGM,1.29E-08
250kmLGM,1.60E-08
250kmLGM,1.71E-08
250kmLGM,1.61E-08
250kmLGM,2.03E-08
250kmLGM,1.71E-08
250kmLGM,1.29E-08
250kmLGM,1.81E-08
250kmLGM,2.50E-08
250kmLGM,1.60E-08
250kmLGM,2.69E-08
250kmLGM,1.47E-08
250kmLGM,1.65E-08
250kmLGM,9.28E-09
250kmLGM,2.32E-08
250kmLGM,6.52E-09
250kmLGM,2.67E-08
250kmLGM,1.41E-08
250kmLGM,1.98E-08
250kmLGM,8.37E-09
250kmLGM,2.73E-08
250kmLGM,9.01E-09
250kmLGM,2.31E-08
250kmLGM,2.16E-08
250kmLGM,1.66E-08
250kmLGM,1.26E-08
250kmLGM,1.01E-08
250kmLGM,6.49E-09
250kmLGM,3.18E-08
250kmLGM,8.85E-09
250kmLGM,2.47E-08
250kmLGM,1.55E-08
250kmLGM,2.41E-08
250kmLGM,2.77E-08
250kmLGM,2.59E-08
250kmLGM,1.19E-08
250kmLGM,2.35E-08
250kmLGM,1.55E-08
250kmLGM,2.72E-08
250kmLGM,2.44E-08
250kmLGM,1.48E-08
250kmLGM,1.98E-08
250kmLGM,2.07E-08
250kmLGM,2.70E-08
250kmLGM,9.72E-09
250kmLGM,2.56E-08
250kmLGM,9.42E-09
250kmLGM,1.55E-08
250kmLGM,1.56E-08
250kmLGM,2.56E-08
250kmLGM,1.90E-08
250kmLGM,2.77E-08
250kmLGM,2.55E-08
250kmLGM,2.73E-08
250kmLGM,1.54E-08
250kmLGM,1.67E-08
250kmLGM,2.62E-08
250kmLGM,1.26E-08
250kmLGM,3.11E-08
250kmLGM,2.65E-08
250kmLGM,2.24E-08
250kmLGM,2.54E-08
250kmLGM,2.70E-08
250kmLGM,2.41E-08
250kmLGM,6.90E-09
250kmLGM,2.38E-08
250kmLGM,7.54E-09
250kmLGM,2.15E-08
250kmLGM,1.66E-08
250kmLGM,1.38E-08
250kmLGM,2.22E-08
250kmLGM,1.16E-08
250kmLGM,2.13E-08
250kmLGM,1.88E-08
250kmLGM,2.91E-08
250kmLGM,7.79E-09
250kmLGM,2.29E-08
250kmLGM,2.11E-08
250kmLGM,2.89E-08
250kmLGM,2.63E-08
250kmLGM,2.30E-08
250kmLGM,2.93E-08
250kmLGM,3.28E-08
250kmLGM,1.60E-08
250kmLGM,2.60E-08
250kmLGM,1.30E-08
250kmLGM,2.53E-08
250kmLGM,2.05E-08
250kmLGM,1.27E-08
250kmLGM,2.34E-08
250kmLGM,9.51E-09
250kmLGM,8.14E-09
250kmLGM,3.02E-08
250kmLGM,7.94E-09
250kmLGM,2.21E-08
250kmLGM,2.22E-08
250kmLGM,2.22E-08
250kmLGM,1.51E-08
250kmLGM,1.01E-08
250kmLGM,7.19E-09
250kmLGM,3.05E-08
250kmLGM,2.62E-08
250kmLGM,2.63E-08
250kmLGM,1.85E-08
250kmLGM,3.09E-08
250kmLGM,2.87E-08
250kmLGM,1.23E-08
250kmLGM,2.23E-08
250kmLGM,1.02E-08
250kmLGM,6.24E-09
250kmLGM,2.89E-08
250kmLGM,1.85E-08
250kmLGM,1.78E-08
250kmLGM,7.92E-09
250kmLGM,3.09E-08
250kmLGM,2.29E-08
250kmLGM,2.98E-08
250kmLGM,3.20E-08
250kmLGM,1.42E-08
250kmLGM,2.91E-08
250kmLGM,5.83E-09
250kmLGM,1.07E-08
250kmLGM,1.31E-08
250kmLGM,8.32E-09
250kmLGM,2.73E-08
250kmLGM,1.46E-08
250kmLGM,2.02E-08
250kmLGM,1.94E-08
250kmLGM,1.66E-08
250kmLGM,1.65E-08
250kmLGM,1.49E-08
250kmLGM,1.01E-08
250kmLGM,3.22E-08
250kmLGM,1.55E-08
250kmLGM,1.79E-08
250kmLGM,2.63E-08
250kmLGM,2.90E-08
250kmLGM,1.77E-08
250kmLGM,2.83E-08
250kmLGM,2.34E-08
250kmLGM,1.35E-08
250kmLGM,1.36E-08
250kmLGM,9.44E-09
250kmLGM,2.46E-08
250kmLGM,2.60E-08
250kmLGM,3.03E-08
250kmLGM,3.26E-08
250kmLGM,1.90E-08
250kmLGM,7.46E-09
250kmLGM,3.17E-08
250kmLGM,2.54E-08
250kmLGM,2.08E-08
250kmLGM,2.77E-08
250kmLGM,2.84E-08
250kmLGM,1.39E-08
250kmLGM,1.70E-08
250kmLGM,2.34E-08
250kmLGM,2.95E-08
250kmLGM,2.90E-08
250kmLGM,2.06E-08
250kmLGM,1.48E-08
250kmLGM,2.23E-08
250kmLGM,2.46E-08
250kmLGM,2.36E-08
250kmLGM,2.44E-08
250kmLGM,2.35E-08
250kmLGM,1.07E-08
250kmLGM,1.13E-08
250kmLGM,1.48E-08
250kmLGM,7.55E-09
250kmLGM,2.48E-08
250kmLGM,2.29E-08
250kmLGM,1.87E-08
250kmLGM,1.22E-08
250kmLGM,2.58E-08
250kmLGM,2.23E-08
250kmLGM,2.54E-08
250kmLGM,1.74E-08
250kmLGM,8.20E-09
250kmLGM,2.93E-08
250kmLGM,2.10E-08
250kmLGM,2.61E-08
250kmLGM,2.26E-08
250kmLGM,2.59E-08
250kmLGM,2.89E-08
250kmLGM,1.26E-08
250kmLGM,8.84E-09
250kmLGM,1.62E-08
250kmLGM,3.00E-08
250kmLGM,2.51E-08
250kmLGM,1.29E-08
250kmLGM,2.11E-08
250kmLGM,2.93E-08
250kmLGM,2.49E-08
250kmLGM,8.79E-09
250kmLGM,3.02E-08
250kmLGM,2.46E-08
250kmLGM,3.25E-08
250kmLGM,2.96E-08
250kmLGM,1.39E-08
250kmLGM,1.22E-08
250kmLGM,1.48E-08
250kmLGM,2.33E-08
250kmLGM,2.66E-08
250kmLGM,2.87E-08
250kmLGM,1.87E-08
250kmLGM,9.29E-09
250kmLGM,2.09E-08
250kmLGM,1.95E-08
250kmLGM,2.35E-08
250kmLGM,1.39E-08
250kmLGM,1.23E-08
250kmLGM,1.33E-08
250kmLGM,1.70E-08
250kmLGM,1.09E-08
250kmLGM,2.44E-08
250kmLGM,1.85E-08
250kmLGM,2.45E-08
250kmLGM,7.23E-09
250kmLGM,3.18E-08
250kmLGM,2.44E-08
250kmLGM,2.64E-08
250kmLGM,3.27E-08
250kmLGM,2.38E-08
250kmLGM,1.65E-08
250kmLGM,3.25E-08
250kmLGM,2.62E-08
250kmLGM,1.27E-08
250kmLGM,1.34E-08
250kmLGM,2.68E-08
250kmLGM,1.28E-08
250kmLGM,2.66E-08
250kmLGM,2.26E-08
250kmLGM,2.38E-08
250kmLGM,2.41E-08
250kmLGM,1.64E-08
250kmLGM,3.06E-08
250kmLGM,2.93E-08
250kmLGM,1.46E-08
250kmLGM,1.77E-08
250kmLGM,1.40E-08
250kmLGM,2.26E-08
250kmLGM,2.12E-08
250kmLGM,2.86E-08
250kmLGM,1.02E-08
250kmLGM,1.29E-08
250kmLGM,1.52E-08
250kmLGM,2.98E-08
250kmLGM,2.98E-08
250kmLGM,1.81E-08
250kmLGM,2.89E-08
250kmLGM,1.09E-08
250kmLGM,1.07E-08
250kmLGM,1.24E-08
250kmLGM,2.67E-08
250kmLGM,6.88E-09
250kmLGM,2.47E-08
250kmLGM,2.82E-08
250kmLGM,3.17E-08
250kmLGM,2.76E-08
250kmLGM,2.33E-08
250kmLGM,2.06E-08
250kmLGM,1.62E-08
250kmLGM,2.32E-08
250kmLGM,2.28E-08
250kmLGM,1.82E-08
250kmLGM,1.60E-08
250kmLGM,2.11E-08
250kmLGM,1.62E-08
250kmLGM,1.53E-08
250kmLGM,3.08E-08
250kmLGM,2.32E-08
250kmLGM,3.22E-08
250kmLGM,8.28E-09
250kmLGM,1.06E-08
250kmLGM,2.48E-08
250kmLGM,1.64E-08
250kmLGM,1.14E-08
250kmLGM,9.51E-09
250kmLGM,2.35E-08
250kmLGM,2.37E-08
250kmLGM,1.78E-08
250kmLGM,1.74E-08
250kmLGM,1.69E-08
250kmLGM,2.00E-08
250kmLGM,1.73E-08
250kmLGM,2.70E-08
250kmLGM,2.25E-08
250kmLGM,2.36E-08
250kmLGM,1.36E-08
250kmLGM,2.76E-08
250kmLGM,2.04E-08
250kmLGM,8.55E-09
250kmLGM,7.18E-09
250kmLGM,3.29E-08
250kmLGM,2.10E-08
250kmLGM,1.45E-08
250kmLGM,3.14E-08
250kmLGM,2.07E-08
250kmLGM,2.05E-08
250kmLGM,2.87E-08
250kmLGM,1.60E-08
250kmLGM,2.33E-08
250kmLGM,2.05E-08
250kmLGM,1.09E-08
250kmLGM,1.48E-08
250kmLGM,8.24E-09
250kmLGM,2.53E-08
250kmLGM,1.48E-08
250kmLGM,2.98E-08
250kmLGM,2.23E-08
250kmLGM,2.32E-08
250kmLGM,1.21E-08
250kmLGM,1.56E-08
250kmLGM,1.84E-08
250kmLGM,2.31E-08
250kmLGM,2.08E-08
250kmLGM,2.35E-08
250kmLGM,8.31E-09
250kmLGM,2.17E-08
250kmLGM,3.03E-08
250kmLGM,2.98E-08
250kmLGM,1.50E-08
250kmLGM,1.78E-08
250kmLGM,2.71E-08
250kmLGM,2.86E-08
250kmLGM,2.86E-08
250kmLGM,2.77E-08
250kmLGM,2.22E-08
250kmLGM,1.68E-08
250kmLGM,1.44E-08
250kmLGM,1.32E-08
250kmLGM,2.31E-08
250kmLGM,1.70E-08
250kmLGM,7.18E-09
250kmLGM,1.73E-08
250kmLGM,2.80E-08
250kmLGM,2.38E-08
250kmLGM,2.94E-08
250kmLGM,2.02E-08
250kmLGM,2.98E-08
250kmLGM,1.31E-08
250kmLGM,1.91E-08
250kmLGM,3.02E-08
250kmLGM,2.70E-08
250kmLGM,1.77E-08
250kmLGM,2.41E-08
250kmLGM,8.42E-09
250kmLGM,3.05E-08
250kmLGM,3.20E-08
250kmLGM,6.76E-09
250kmLGM,6.83E-09
250kmLGM,2.88E-08
250kmLGM,2.90E-08
250kmLGM,1.55E-08
250kmLGM,2.61E-08
250kmLGM,2.27E-08
250kmLGM,1.52E-08
250kmLGM,2.69E-08
250kmLGM,1.10E-08
250kmLGM,2.91E-08
250kmLGM,9.25E-09
250kmLGM,2.98E-08
250kmLGM,2.88E-08
250kmLGM,1.34E-08
250kmLGM,2.69E-08
250kmLGM,2.10E-08
250kmLGM,3.33E-08
250kmLGM,2.87E-08
250kmLGM,2.98E-08
250kmLGM,1.09E-08
250kmLGM,3.16E-08
250kmLGM,9.18E-09
250kmLGM,1.28E-08
250kmLGM,2.87E-08
250kmLGM,2.32E-08
250kmLGM,2.33E-08
250kmLGM,2.31E-08
250kmLGM,2.68E-08
250kmLGM,2.81E-08
250kmLGM,2.78E-08
250kmLGM,2.77E-08
250kmLGM,1.75E-08
250kmLGM,1.55E-08
250kmLGM,6.77E-09
250kmLGM,2.45E-08
250kmLGM,1.10E-08
250kmLGM,2.24E-08
250kmLGM,3.04E-08
250kmLIG,3.97E-08
250kmLIG,1.79E-08
250kmLIG,1.55E-08
250kmLIG,1.95E-08
250kmLIG,3.52E-08
250kmLIG,1.49E-08
250kmLIG,3.46E-08
250kmLIG,3.82E-08
250kmLIG,3.70E-08
250kmLIG,2.47E-08
250kmLIG,1.32E-08
250kmLIG,3.98E-08
250kmLIG,3.91E-08
250kmLIG,3.78E-08
250kmLIG,2.42E-08
250kmLIG,3.25E-08
250kmLIG,1.35E-08
250kmLIG,3.88E-08
250kmLIG,3.00E-08
250kmLIG,3.10E-08
250kmLIG,1.12E-08
250kmLIG,2.82E-08
250kmLIG,1.26E-08
250kmLIG,1.61E-08
250kmLIG,2.20E-08
250kmLIG,1.38E-08
250kmLIG,3.92E-08
250kmLIG,1.71E-08
250kmLIG,3.97E-08
250kmLIG,1.32E-08
250kmLIG,1.40E-08
250kmLIG,4.36E-08
250kmLIG,8.65E-09
250kmLIG,4.07E-08
250kmLIG,1.31E-08
250kmLIG,3.82E-08
250kmLIG,4.10E-08
250kmLIG,1.08E-08
250kmLIG,4.19E-08
250kmLIG,1.49E-08
250kmLIG,3.56E-08
250kmLIG,1.83E-08
250kmLIG,3.93E-08
250kmLIG,3.93E-08
250kmLIG,4.00E-08
250kmLIG,2.50E-08
250kmLIG,1.68E-08
250kmLIG,3.89E-08
250kmLIG,3.84E-08
250kmLIG,1.18E-08
250kmLIG,3.80E-08
250kmLIG,3.68E-08
250kmLIG,4.15E-08
250kmLIG,2.86E-08
250kmLIG,3.85E-08
250kmLIG,1.04E-08
250kmLIG,1.58E-08
250kmLIG,1.39E-08
250kmLIG,1.31E-08
250kmLIG,2.13E-08
250kmLIG,1.18E-08
250kmLIG,2.64E-08
250kmLIG,1.48E-08
250kmLIG,3.61E-08
250kmLIG,2.38E-08
250kmLIG,1.59E-08
250kmLIG,1.36E-08
250kmLIG,9.59E-09
250kmLIG,3.66E-08
250kmLIG,3.94E-08
250kmLIG,1.57E-08
250kmLIG,1.40E-08
250kmLIG,1.04E-08
250kmLIG,3.72E-08
250kmLIG,4.11E-08
250kmLIG,1.08E-08
250kmLIG,4.02E-08
250kmLIG,1.69E-08
250kmLIG,1.30E-08
250kmLIG,1.92E-08
250kmLIG,1.36E-08
250kmLIG,4.02E-08
250kmLIG,1.47E-08
250kmLIG,2.50E-08
250kmLIG,2.21E-08
250kmLIG,4.29E-08
250kmLIG,3.85E-08
250kmLIG,1.40E-08
250kmLIG,1.37E-08
250kmLIG,3.85E-08
250kmLIG,4.58E-08
250kmLIG,1.34E-08
250kmLIG,1.67E-08
250kmLIG,3.04E-08
250kmLIG,4.00E-08
250kmLIG,3.75E-08
250kmLIG,4.09E-08
250kmLIG,1.23E-08
250kmLIG,2.41E-08
250kmLIG,3.69E-08
250kmLIG,1.83E-08
250kmLIG,1.05E-08
250kmLIG,8.82E-09
250kmLIG,4.13E-08
250kmLIG,2.61E-08
250kmLIG,3.49E-08
250kmLIG,1.71E-08
250kmLIG,1.33E-08
250kmLIG,2.20E-08
250kmLIG,4.00E-08
250kmLIG,4.05E-08
250kmLIG,1.43E-08
250kmLIG,1.55E-08
250kmLIG,1.14E-08
250kmLIG,1.42E-08
250kmLIG,1.33E-08
250kmLIG,2.63E-08
250kmLIG,1.64E-08
250kmLIG,4.48E-08
250kmLIG,2.09E-08
250kmLIG,3.69E-08
250kmLIG,1.53E-08
250kmLIG,7.24E-09
250kmLIG,1.33E-08
250kmLIG,3.51E-08
250kmLIG,7.81E-09
250kmLIG,2.14E-08
250kmLIG,1.34E-08
250kmLIG,1.49E-08
250kmLIG,3.02E-08
250kmLIG,2.37E-08
250kmLIG,1.21E-08
250kmLIG,3.96E-08
250kmLIG,3.98E-08
250kmLIG,3.92E-08
250kmLIG,1.10E-08
250kmLIG,1.33E-08
250kmLIG,2.21E-08
250kmLIG,3.79E-08
250kmLIG,1.75E-08
250kmLIG,2.79E-08
250kmLIG,1.18E-08
250kmLIG,3.34E-08
250kmLIG,2.01E-08
250kmLIG,2.96E-08
250kmLIG,1.33E-08
250kmLIG,1.98E-08
250kmLIG,1.39E-08
250kmLIG,8.46E-09
250kmLIG,1.42E-08
250kmLIG,3.91E-08
250kmLIG,3.91E-08
250kmLIG,3.82E-08
250kmLIG,3.51E-08
250kmLIG,1.37E-08
250kmLIG,1.88E-08
250kmLIG,3.88E-08
250kmLIG,1.44E-08
250kmLIG,3.06E-08
250kmLIG,1.26E-08
250kmLIG,2.11E-08
250kmLIG,3.41E-08
250kmLIG,1.52E-08
250kmLIG,3.75E-08
250kmLIG,3.68E-08
250kmLIG,1.42E-08
250kmLIG,1.24E-08
250kmLIG,3.22E-08
250kmLIG,1.48E-08
250kmLIG,3.24E-08
250kmLIG,1.10E-08
250kmLIG,8.71E-09
250kmLIG,3.77E-08
250kmLIG,4.61E-08
250kmLIG,3.88E-08
250kmLIG,2.77E-08
250kmLIG,3.87E-08
250kmLIG,7.51E-09
250kmLIG,1.26E-08
250kmLIG,2.20E-08
250kmLIG,3.09E-08
250kmLIG,2.77E-08
250kmLIG,2.01E-08
250kmLIG,7.11E-09
250kmLIG,1.34E-08
250kmLIG,3.12E-08
250kmLIG,1.43E-08
250kmLIG,3.77E-08
250kmLIG,1.46E-08
250kmLIG,3.95E-08
250kmLIG,1.36E-08
250kmLIG,1.10E-08
250kmLIG,3.01E-08
250kmLIG,7.57E-09
250kmLIG,1.34E-08
250kmLIG,3.81E-08
250kmLIG,1.44E-08
250kmLIG,8.08E-09
250kmLIG,2.13E-08
250kmLIG,3.51E-08
250kmLIG,1.39E-08
250kmLIG,1.50E-08
250kmLIG,4.27E-08
250kmLIG,3.97E-08
250kmLIG,8.35E-09
250kmLIG,3.27E-08
250kmLIG,4.33E-08
250kmLIG,7.17E-09
250kmLIG,1.83E-08
250kmLIG,8.50E-09
250kmLIG,1.86E-08
250kmLIG,4.27E-08
250kmLIG,1.65E-08
250kmLIG,3.93E-08
250kmLIG,9.21E-09
250kmLIG,2.71E-08
250kmLIG,3.63E-08
250kmLIG,3.82E-08
250kmLIG,1.30E-08
250kmLIG,1.48E-08
250kmLIG,7.23E-09
250kmLIG,4.26E-08
250kmLIG,4.03E-08
250kmLIG,1.47E-08
250kmLIG,3.96E-08
250kmLIG,1.33E-08
250kmLIG,1.62E-08
250kmLIG,1.34E-08
250kmLIG,3.64E-08
250kmLIG,2.47E-08
250kmLIG,3.44E-08
250kmLIG,1.48E-08
250kmLIG,3.78E-08
250kmLIG,3.95E-08
250kmLIG,2.40E-08
250kmLIG,7.63E-09
250kmLIG,4.20E-08
250kmLIG,9.38E-09
250kmLIG,1.56E-08
250kmLIG,4.28E-08
250kmLIG,1.52E-08
250kmLIG,3.90E-08
250kmLIG,4.29E-08
250kmLIG,1.31E-08
250kmLIG,1.05E-08
250kmLIG,1.20E-08
250kmLIG,1.67E-08
250kmLIG,3.17E-08
250kmLIG,9.66E-09
250kmLIG,1.33E-08
250kmLIG,8.66E-09
250kmLIG,8.90E-09
250kmLIG,8.25E-09
250kmLIG,2.58E-08
250kmLIG,1.35E-08
250kmLIG,9.54E-09
250kmLIG,1.43E-08
250kmLIG,3.97E-08
250kmLIG,1.26E-08
250kmLIG,1.66E-08
250kmLIG,9.36E-09
250kmLIG,4.14E-08
250kmLIG,3.60E-08
250kmLIG,8.02E-09
250kmLIG,1.45E-08
250kmLIG,2.44E-08
250kmLIG,1.49E-08
250kmLIG,1.63E-08
250kmLIG,1.36E-08
250kmLIG,1.40E-08
250kmLIG,3.90E-08
250kmLIG,3.99E-08
250kmLIG,8.37E-09
250kmLIG,3.62E-08
250kmLIG,1.32E-08
250kmLIG,3.56E-08
250kmLIG,4.20E-08
250kmLIG,1.58E-08
250kmLIG,1.39E-08
250kmLIG,3.25E-08
250kmLIG,2.96E-08
250kmLIG,4.20E-08
250kmLIG,2.62E-08
250kmLIG,1.99E-08
250kmLIG,4.06E-08
250kmLIG,3.22E-08
250kmLIG,1.87E-08
250kmLIG,1.57E-08
250kmLIG,4.00E-08
250kmLIG,2.31E-08
250kmLIG,3.95E-08
250kmLIG,4.66E-08
250kmLIG,1.42E-08
250kmLIG,3.90E-08
250kmLIG,1.49E-08
250kmLIG,7.38E-09
250kmLIG,1.51E-08
250kmLIG,3.37E-08
250kmLIG,1.38E-08
250kmLIG,1.34E-08
250kmLIG,1.33E-08
250kmLIG,4.00E-08
250kmLIG,8.35E-09
250kmLIG,1.28E-08
250kmLIG,1.97E-08
250kmLIG,3.77E-08
250kmLIG,2.39E-08
250kmLIG,4.43E-08
250kmLIG,2.00E-08
250kmLIG,1.42E-08
250kmLIG,4.53E-08
250kmLIG,3.96E-08
250kmLIG,4.16E-08
250kmLIG,1.87E-08
250kmLIG,1.97E-08
250kmLIG,1.21E-08
250kmLIG,3.40E-08
250kmLIG,1.34E-08
250kmLIG,2.02E-08
250kmLIG,3.96E-08
250kmLIG,1.51E-08
250kmLIG,1.77E-08
250kmLIG,4.25E-08
250kmLIG,1.32E-08
250kmLIG,2.29E-08
250kmLIG,1.84E-08
250kmLIG,2.70E-08
250kmLIG,2.37E-08
250kmLIG,1.44E-08
250kmLIG,1.27E-08
250kmLIG,3.85E-08
250kmLIG,1.62E-08
250kmLIG,3.76E-08
250kmLIG,3.18E-08
250kmLIG,1.55E-08
250kmLIG,3.84E-08
250kmLIG,4.34E-08
250kmLIG,1.50E-08
250kmLIG,4.39E-08
250kmLIG,1.14E-08
250kmLIG,2.10E-08
250kmLIG,3.97E-08
250kmLIG,1.55E-08
250kmLIG,4.12E-08
250kmLIG,3.94E-08
250kmLIG,3.79E-08
250kmLIG,1.61E-08
250kmLIG,2.20E-08
250kmLIG,3.94E-08
250kmLIG,1.47E-08
250kmLIG,2.66E-08
250kmLIG,3.76E-08
250kmLIG,2.62E-08
250kmLIG,4.24E-08
250kmLIG,3.75E-08
250kmLIG,2.55E-08
250kmLIG,1.29E-08
250kmLIG,3.94E-08
250kmLIG,4.01E-08
250kmLIG,3.87E-08
250kmLIG,1.15E-08
250kmLIG,3.62E-08
250kmLIG,1.17E-08
250kmLIG,3.33E-08
250kmLIG,3.80E-08
250kmLIG,1.59E-08
250kmLIG,3.80E-08
250kmLIG,2.59E-08
250kmLIG,3.53E-08
250kmLIG,3.93E-08
250kmLIG,1.85E-08
250kmLIG,1.38E-08
250kmLIG,2.30E-08
250kmLIG,1.51E-08
250kmLIG,4.41E-08
250kmLIG,3.97E-08
250kmLIG,1.90E-08
250kmLIG,1.50E-08
250kmLIG,1.44E-08
250kmLIG,3.74E-08
250kmLIG,1.34E-08
250kmLIG,1.34E-08
250kmLIG,3.65E-08
250kmLIG,1.12E-08
250kmLIG,1.35E-08
250kmLIG,2.58E-08
250kmLIG,4.28E-08
250kmLIG,9.92E-09
250kmLIG,1.11E-08
250kmLIG,9.75E-09
250kmLIG,1.09E-08
250kmLIG,2.02E-08
250kmLIG,1.47E-08
250kmLIG,3.79E-08
250kmLIG,3.43E-08
250kmLIG,3.18E-08
250kmLIG,2.26E-08
250kmLIG,3.96E-08
250kmLIG,2.07E-08
250kmLIG,1.10E-08
250kmLIG,3.67E-08
250kmLIG,2.30E-08
250kmLIG,1.43E-08
250kmLIG,3.34E-08
250kmLIG,4.31E-08
250kmLIG,1.35E-08
250kmLIG,1.32E-08
250kmLIG,1.86E-08
250kmLIG,1.81E-08
250kmLIG,1.96E-08
250kmLIG,1.36E-08
250kmLIG,1.33E-08
250kmLIG,1.57E-08
250kmLIG,1.72E-08
250kmLIG,1.11E-08
250kmLIG,1.42E-08
250kmLIG,3.06E-08
250kmLIG,3.89E-08
250kmLIG,1.34E-08
250kmLIG,1.16E-08
250kmLIG,3.93E-08
250kmLIG,1.30E-08
250kmLIG,3.35E-08
250kmLIG,4.56E-08
250kmLIG,1.40E-08
250kmLIG,3.49E-08
250kmLIG,3.38E-08
250kmLIG,3.91E-08
250kmLIG,1.33E-08
250kmLIG,2.31E-08
250kmLIG,3.49E-08
250kmLIG,3.29E-08
250kmLIG,3.89E-08
250kmLIG,3.03E-08
250kmLIG,3.76E-08
250kmLIG,1.39E-08
250kmLIG,4.35E-08
250kmLIG,8.46E-09
250kmLIG,1.37E-08
250kmLIG,3.27E-08
250kmLIG,1.52E-08
250kmLIG,4.03E-08
250kmLIG,3.92E-08
250kmLIG,1.59E-08
250kmLIG,1.56E-08
250kmLIG,1.52E-08
250kmLIG,3.13E-08
250kmLIG,1.52E-08
250kmLIG,3.86E-08
250kmLIG,3.91E-08
250kmLIG,1.61E-08
250kmLIG,2.61E-08
250kmLIG,3.37E-08
250kmLIG,3.97E-08
250kmLIG,1.76E-08
250kmLIG,1.79E-08
250kmLIG,1.44E-08
250kmLIG,9.28E-09
250kmLIG,3.09E-08
250kmLIG,3.43E-08
250kmLIG,1.37E-08
250kmLIG,1.27E-08
250kmLIG,3.53E-08
250kmLIG,3.44E-08
250kmLIG,1.80E-08
250kmLIG,3.28E-08
250kmLIG,1.26E-08
250kmLIG,3.98E-08
250kmLIG,4.12E-08
250kmLIG,9.65E-09
250kmLIG,4.04E-08
250kmLIG,3.78E-08
250kmLIG,7.59E-09
250kmLIG,1.31E-08
250kmLIG,1.43E-08
250kmLIG,4.08E-08
250kmLIG,4.31E-08
250kmLIG,1.31E-08
250kmLIG,2.71E-08
250kmLIG,1.00E-08
250kmLIG,3.64E-08
250kmLIG,1.51E-08
250kmLIG,3.58E-08
250kmLIG,1.34E-08
250kmLIG,2.64E-08
250kmLIG,3.91E-08
250kmLIG,3.56E-08
250kmLIG,2.38E-08
250kmLIG,2.76E-08
250kmLIG,3.90E-08
250kmLIG,2.05E-08
250kmLIG,1.69E-08
250kmLIG,3.96E-08
250kmLIG,1.91E-08
250kmLIG,3.93E-08
250kmLIG,1.67E-08
250kmLIG,4.43E-08
250kmLIG,3.62E-08
250kmLIG,1.08E-08
250kmLIG,1.48E-08
250kmLIG,1.45E-08
250kmLIG,4.01E-08
250kmLIG,3.97E-08
250kmLIG,2.23E-08
250kmLIG,1.51E-08
250kmLIG,1.14E-08
250kmLIG,4.18E-08
250kmLIG,3.56E-08
250kmLIG,1.35E-08
250kmLIG,3.93E-08
250kmLIG,1.43E-08
250kmLIG,3.81E-08
250kmLIG,1.69E-08
250kmLIG,8.96E-09
250kmLIG,3.80E-08
250kmLIG,3.81E-08
250kmLIG,4.21E-08
250kmLIG,4.29E-08
250kmLIG,1.52E-08
250kmLIG,4.08E-08
250kmLIG,1.46E-08
250kmLIG,2.78E-08
250kmLIG,1.86E-08
250kmLIG,8.61E-09
250kmLIG,3.92E-08
250kmLIG,3.31E-08
250kmLIG,3.95E-08
250kmLIG,3.90E-08
250kmLIG,1.39E-08
250kmLIG,3.60E-08
250kmLIG,2.44E-08
250kmLIG,2.15E-08
250kmLIG,2.56E-08
250kmLIG,1.52E-08
250kmLIG,1.66E-08
250kmLIG,3.88E-08
250kmLIG,9.19E-09
250kmLIG,1.44E-08
250kmLIG,3.92E-08
250kmLIG,4.11E-08
250kmLIG,3.74E-08
250kmLIG,1.37E-08
250kmLIG,3.90E-08
250kmLIG,4.31E-08
250kmLIG,3.69E-08
250kmLIG,9.75E-09
250kmLIG,1.42E-08
250kmLIG,1.92E-08
250kmLIG,1.23E-08
250kmLIG,3.95E-08
250kmLIG,1.58E-08
250kmLIG,2.12E-08
250kmLIG,3.50E-08
250kmLIG,3.93E-08
250kmLIG,1.32E-08
250kmLIG,7.93E-09
250kmLIG,3.83E-08
250kmLIG,1.41E-08
250kmLIG,1.55E-08
250kmLIG,1.17E-08
250kmLIG,2.39E-08
250kmLIG,1.46E-08
250kmLIG,3.04E-08
250kmLIG,3.24E-08
250kmLIG,1.29E-08
250kmLIG,3.98E-08
250kmLIG,1.31E-08
250kmLIG,3.88E-08
250kmLIG,3.30E-08
250kmLIG,1.47E-08
250kmLIG,3.81E-08
250kmLIG,4.07E-08
250kmLIG,1.52E-08
250kmLIG,1.43E-08
250kmLIG,3.99E-08
250kmLIG,1.35E-08
250kmLIG,3.58E-08
250kmLIG,3.81E-08
250kmLIG,3.98E-08
250kmLIG,1.61E-08
250kmLIG,3.41E-08
250kmLIG,3.89E-08
250kmLIG,1.05E-08
250kmLIG,4.37E-08
250kmLIG,1.34E-08
250kmLIG,3.54E-08
250kmLIG,3.96E-08
250kmLIG,3.39E-08
250kmLIG,3.95E-08
250kmLIG,1.57E-08
250kmLIG,1.31E-08
250kmLIG,1.61E-08
250kmLIG,3.76E-08
250kmLIG,1.97E-08
250kmLIG,3.72E-08
250kmLIG,1.36E-08
250kmLIG,2.31E-08
250kmLIG,1.64E-08
250kmLIG,3.84E-08
250kmLIG,1.51E-08
250kmLIG,3.48E-08
250kmLIG,3.90E-08
250kmLIG,1.39E-08
250kmLIG,4.59E-08
250kmLIG,2.29E-08
250kmLIG,3.99E-08
250kmLIG,3.95E-08
250kmLIG,1.74E-08
250kmLIG,3.55E-08
250kmLIG,1.47E-08
250kmLIG,3.75E-08
250kmLIG,1.56E-08
250kmLIG,1.44E-08
250kmLIG,4.14E-08
250kmLIG,1.12E-08
250kmLIG,1.36E-08
250kmLIG,1.68E-08
250kmLIG,1.37E-08
250kmLIG,3.61E-08
250kmLIG,1.33E-08
250kmLIG,4.50E-08
250kmLIG,9.09E-09
250kmLIG,3.91E-08
250kmLIG,1.32E-08
250kmLIG,3.85E-08
250kmLIG,1.29E-08
250kmLIG,3.97E-08
250kmLIG,3.91E-08
250kmLIG,1.38E-08
250kmLIG,1.32E-08
250kmLIG,3.93E-08
250kmLIG,3.72E-08
250kmLIG,1.20E-08
250kmLIG,2.29E-08
250kmLIG,3.78E-08
250kmLIG,1.33E-08
250kmLIG,1.87E-08
250kmLIG,1.39E-08
250kmLIG,1.34E-08
250kmLIG,2.66E-08
250kmLIG,3.90E-08
250kmLIG,1.36E-08
250kmLIG,1.50E-08
250kmLIG,1.41E-08
250kmLIG,1.32E-08
250kmLIG,1.36E-08
250kmLIG,1.35E-08
250kmLIG,3.72E-08
250kmLIG,4.45E-08
250kmLIG,3.76E-08
250kmLIG,1.29E-08
250kmLIG,4.03E-08
250kmLIG,9.10E-09
250kmLIG,1.26E-08
250kmLIG,1.69E-08
250kmLIG,7.25E-09
250kmLIG,9.20E-09
250kmLIG,7.35E-09
250kmLIG,4.05E-08
250kmLIG,9.01E-09
250kmLIG,3.96E-08
250kmLIG,3.84E-08
250kmLIG,1.89E-08
250kmLIG,1.49E-08
250kmLIG,4.24E-08
250kmLIG,3.87E-08
250kmLIG,3.34E-08
250kmLIG,4.35E-08
250kmLIG,2.82E-08
250kmLIG,3.08E-08
250kmLIG,1.59E-08
250kmLIG,2.87E-08
250kmLIG,1.33E-08
250kmLIG,1.06E-08
250kmLIG,1.71E-08
250kmLIG,3.95E-08
250kmLIG,1.38E-08
250kmLIG,1.33E-08
250kmLIG,4.59E-08
250kmLIG,3.98E-08
250kmLIG,4.04E-08
250kmLIG,2.20E-08
250kmLIG,3.04E-08
250kmLIG,3.94E-08
250kmLIG,1.68E-08
250kmLIG,2.63E-08
250kmLIG,1.07E-08
250kmLIG,2.73E-08
250kmLIG,1.53E-08
250kmLIG,3.61E-08
250kmLIG,8.10E-09
250kmLIG,1.72E-08
250kmLIG,3.06E-08
250kmLIG,2.98E-08
250kmLIG,2.89E-08
250kmLIG,3.71E-08
250kmLIG,1.40E-08
250kmLIG,3.99E-08
250kmLIG,4.13E-08
250kmLIG,1.30E-08
250kmLIG,3.74E-08
250kmLIG,3.03E-08
250kmLIG,2.89E-08
250kmLIG,1.08E-08
250kmLIG,1.70E-08
250kmLIG,3.70E-08
250kmLIG,2.15E-08
250kmLIG,4.10E-08
250kmLIG,4.26E-08
250kmLIG,4.34E-08
250kmLIG,1.32E-08
250kmLIG,1.38E-08
250kmLIG,4.35E-08
250kmLIG,3.94E-08
250kmLIG,1.67E-08
250kmLIG,3.60E-08
250kmLIG,1.12E-08
250kmLIG,2.27E-08
250kmLIG,3.78E-08
250kmLIG,1.35E-08
250kmLIG,3.93E-08
250kmLIG,4.09E-08
250kmLIG,1.69E-08
250kmLIG,1.32E-08
250kmLIG,1.50E-08
250kmLIG,1.41E-08
250kmLIG,3.79E-08
250kmLIG,3.29E-08
250kmLIG,1.69E-08
250kmLIG,1.37E-08
250kmLIG,2.61E-08
250kmLIG,3.90E-08
250kmLIG,1.18E-08
250kmLIG,3.87E-08
250kmLIG,2.61E-08
250kmLIG,2.84E-08
250kmLIG,1.33E-08
250kmLIG,1.38E-08
250kmLIG,1.77E-08
250kmLIG,1.40E-08
250kmLIG,1.19E-08
250kmLIG,3.57E-08
250kmLIG,3.81E-08
250kmLIG,1.52E-08
250kmLIG,2.96E-08
250kmLIG,1.37E-08
250kmLIG,4.15E-08
250kmLIG,1.31E-08
250kmLIG,1.57E-08
250kmLIG,1.83E-08
250kmLIG,9.75E-09
250kmLIG,1.36E-08
250kmLIG,1.67E-08
250kmLIG,1.62E-08
250kmLIG,2.54E-08
250kmLIG,2.94E-08
250kmLIG,4.64E-08
250kmLIG,3.74E-08
250kmLIG,8.92E-09
250kmLIG,1.68E-08
250kmLIG,4.06E-08
250kmLIG,1.95E-08
250kmLIG,3.84E-08
250kmLIG,1.36E-08
250kmLIG,4.30E-08
250kmLIG,1.71E-08
250kmLIG,1.68E-08
250kmLIG,2.48E-08
250kmLIG,1.49E-08
250kmLIG,4.42E-08
250kmLIG,4.25E-08
250kmLIG,3.76E-08
250kmLIG,3.96E-08
250kmLIG,3.96E-08
250kmLIG,1.40E-08
250kmLIG,2.56E-08
250kmLIG,1.82E-08
250kmLIG,1.47E-08
250kmLIG,3.03E-08
250kmLIG,4.13E-08
250kmLIG,1.14E-08
250kmLIG,1.67E-08
250kmLIG,2.03E-08
250kmLIG,1.43E-08
250kmLIG,2.93E-08
250kmLIG,1.43E-08
250kmLIG,1.80E-08
250kmLIG,1.33E-08
250kmLIG,3.78E-08
250kmLIG,1.40E-08
250kmLIG,3.93E-08
250kmLIG,3.21E-08
250kmLIG,4.03E-08
250kmLIG,3.75E-08
250kmLIG,1.54E-08
250kmLIG,1.76E-08
250kmLIG,3.99E-08
250kmLIG,3.34E-08
250kmLIG,4.15E-08
250kmLIG,4.00E-08
250kmLIG,1.68E-08
250kmLIG,2.85E-08
250kmLIG,3.52E-08
250kmLIG,3.97E-08
250kmLIG,1.49E-08
250kmLIG,1.51E-08
250kmLIG,3.86E-08
250kmLIG,1.55E-08
250kmLIG,1.32E-08
250kmLIG,3.19E-08
250kmLIG,1.24E-08
250kmLIG,3.41E-08
250kmLIG,3.98E-08
250kmLIG,4.06E-08
250kmLIG,3.63E-08
250kmLIG,1.29E-08
250kmLIG,4.60E-08
250kmLIG,2.74E-08
250kmLIG,3.45E-08
250kmLIG,1.73E-08
250kmLIG,1.16E-08
250kmLIG,1.31E-08
250kmLIG,3.94E-08
250kmLIG,1.42E-08
250kmLIG,3.00E-08
250kmLIG,1.79E-08
250kmLIG,2.05E-08
250kmLIG,1.32E-08
250kmLIG,4.29E-08
250kmLIG,1.33E-08
250kmLIG,1.46E-08
250kmLIG,9.76E-09
250kmLIG,1.18E-08
250kmLIG,4.23E-08
250kmLIG,1.40E-08
250kmLIG,1.35E-08
250kmLIG,1.08E-08
250kmLIG,4.12E-08
250kmLIG,3.96E-08
250kmLIG,3.04E-08
250kmLIG,1.35E-08
250kmLIG,3.85E-08
250kmLIG,2.43E-08
250kmLIG,1.39E-08
250kmLIG,3.25E-08
250kmLIG,3.97E-08
250kmLIG,1.49E-08
250kmLIG,1.70E-08
250kmLIG,1.47E-08
250kmLIG,7.83E-09
250kmLIG,1.44E-08
250kmLIG,1.34E-08
250kmLIG,1.04E-08
250kmLIG,1.24E-08
250kmLIG,1.45E-08
250kmLIG,1.62E-08
250kmLIG,1.68E-08
250kmLIG,1.21E-08
250kmLIG,2.92E-08
250kmLIG,1.37E-08
250kmLIG,3.77E-08
250kmLIG,3.05E-08
250kmLIG,1.34E-08
250kmLIG,3.76E-08
250kmLIG,8.23E-09
250kmLIG,1.18E-08
250kmLIG,3.98E-08
250kmLIG,1.83E-08
250kmLIG,4.00E-08
250kmLIG,1.53E-08
250kmLIG,1.30E-08
250kmLIG,1.01E-08
250kmLIG,1.47E-08
250kmLIG,3.90E-08
250kmLIG,2.84E-08
250kmLIG,3.97E-08
250kmLIG,3.89E-08
250kmLIG,4.11E-08
250kmLIG,9.02E-09
250kmLIG,1.60E-08
250kmLIG,1.27E-08
250kmLIG,3.91E-08
250kmLIG,1.38E-08
250kmLIG,1.30E-08
250kmLIG,4.45E-08
250kmLIG,3.96E-08
250kmLIG,1.30E-08
250kmLIG,1.83E-08
250kmLIG,2.48E-08
250kmLIG,3.97E-08
250kmLIG,2.54E-08
250kmLIG,4.20E-08
250kmLIG,1.18E-08
250kmLIG,1.01E-08
250kmLIG,1.22E-08
250kmLIG,3.96E-08
250kmLIG,1.48E-08
250kmLIG,1.57E-08
250kmLIG,7.46E-09
250kmLIG,1.32E-08
250kmLIG,2.17E-08
250kmLIG,3.77E-08
250kmLIG,1.42E-08
250kmLIG,1.10E-08
250kmLIG,3.47E-08
250kmLIG,3.25E-08
250kmLIG,4.48E-08
250kmLIG,1.31E-08
250kmLIG,3.84E-08
250kmLIG,1.33E-08
250kmLIG,2.05E-08
250kmLIG,1.38E-08
250kmLIG,3.97E-08
250kmLIG,4.00E-08
250kmLIG,3.94E-08
250kmLIG,2.11E-08
250kmLIG,3.65E-08
250kmLIG,2.10E-08
250kmLIG,1.06E-08
250kmLIG,2.54E-08
250kmLIG,1.15E-08
250kmLIG,1.40E-08
250kmLIG,1.43E-08
250kmLIG,1.32E-08
250kmLIG,2.25E-08
250kmLIG,3.91E-08
250kmLIG,1.16E-08
250kmLIG,1.17E-08
250kmLIG,8.59E-09
250kmLIG,1.77E-08
250kmLIG,3.94E-08
250kmLIG,3.72E-08
250kmLIG,3.81E-08
250kmLIG,3.99E-08
250kmLIG,1.52E-08
250kmLIG,2.57E-08
250kmLIG,1.56E-08
250kmLIG,3.71E-08
250kmLIG,3.98E-08
250kmLIG,1.25E-08
250kmLIG,2.86E-08
250kmLIG,4.33E-08
250kmLIG,2.14E-08
250kmLIG,3.22E-08
250kmLIG,1.84E-08
250kmLIG,3.96E-08
250kmLIG,1.32E-08
250kmLIG,1.46E-08
250kmLIG,3.59E-08
250kmLIG,4.26E-08
250kmLIG,3.77E-08
250kmLIG,3.71E-08
250kmLIG,4.66E-08
250kmLIG,4.29E-08
250kmLIG,2.27E-08
250kmLIG,3.88E-08
250kmLIG,2.16E-08
250kmLIG,2.24E-08
250kmLIG,1.34E-08
250kmLIG,1.36E-08
250kmLIG,1.52E-08
250kmLIG,1.61E-08
250kmLIG,1.31E-08
250kmLIG,1.34E-08
250kmLIG,3.97E-08
250kmLIG,1.30E-08
250kmLIG,2.69E-08
250kmLIG,2.84E-08
250kmLIG,3.70E-08
250kmLIG,4.66E-08
250kmLIG,4.33E-08
250kmLIG,1.51E-08
250kmLIG,1.76E-08
250kmLIG,1.40E-08
250kmLIG,3.99E-08
250kmLIG,2.47E-08
250kmLIG,2.33E-08
250kmLIG,3.65E-08
250kmLIG,2.37E-08
250kmLIG,1.68E-08
250kmLIG,3.94E-08
250kmLIG,1.34E-08
250kmLIG,2.34E-08
250kmLIG,1.39E-08
250kmLIG,1.64E-08
250kmLIG,2.17E-08
250kmLIG,1.57E-08
250kmLIG,1.48E-08
250kmLIG,3.69E-08
250kmLIG,2.68E-08
250kmLIG,1.68E-08
250kmLIG,1.80E-08
250kmLIG,1.37E-08
250kmLIG,3.82E-08
250kmLIG,1.01E-08
250kmLIG,3.92E-08
250kmLIG,1.87E-08
250kmLIG,1.44E-08
250kmLIG,4.03E-08
250kmLIG,1.57E-08
250kmMH,1.45E-08
250kmMH,2.11E-08
250kmMH,3.93E-08
250kmMH,2.06E-08
250kmMH,3.01E-08
250kmMH,4.05E-08
250kmMH,2.26E-08
250kmMH,3.78E-08
250kmMH,2.94E-08
250kmMH,1.36E-08
250kmMH,9.34E-09
250kmMH,9.97E-09
250kmMH,2.26E-08
250kmMH,1.05E-08
250kmMH,3.38E-08
250kmMH,2.36E-08
250kmMH,4.32E-08
250kmMH,3.34E-08
250kmMH,3.47E-08
250kmMH,9.36E-09
250kmMH,4.11E-08
250kmMH,4.32E-08
250kmMH,3.47E-08
250kmMH,3.67E-08
250kmMH,4.13E-08
250kmMH,1.98E-08
250kmMH,2.02E-08
250kmMH,2.03E-08
250kmMH,2.85E-08
250kmMH,2.12E-08
250kmMH,4.06E-08
250kmMH,1.95E-08
250kmMH,1.88E-08
250kmMH,1.74E-08
250kmMH,1.70E-08
250kmMH,2.02E-08
250kmMH,1.33E-08
250kmMH,2.39E-08
250kmMH,1.38E-08
250kmMH,1.96E-08
250kmMH,3.83E-08
250kmMH,3.64E-08
250kmMH,4.41E-08
250kmMH,4.35E-08
250kmMH,3.23E-08
250kmMH,4.36E-08
250kmMH,3.03E-08
250kmMH,1.19E-08
250kmMH,2.07E-08
250kmMH,2.51E-08
250kmMH,2.15E-08
250kmMH,1.33E-08
250kmMH,1.87E-08
250kmMH,2.80E-08
250kmMH,2.31E-08
250kmMH,1.53E-08
250kmMH,2.89E-08
250kmMH,2.98E-08
250kmMH,2.28E-08
250kmMH,4.03E-08
250kmMH,4.44E-08
250kmMH,3.18E-08
250kmMH,2.86E-08
250kmMH,2.24E-08
250kmMH,1.38E-08
250kmMH,2.01E-08
250kmMH,4.32E-08
250kmMH,4.37E-08
250kmMH,2.14E-08
250kmMH,1.05E-08
250kmMH,3.69E-08
250kmMH,2.38E-08
250kmMH,1.37E-08
250kmMH,1.26E-08
250kmMH,2.21E-08
250kmMH,2.25E-08
250kmMH,3.76E-08
250kmMH,1.33E-08
250kmMH,1.17E-08
250kmMH,3.97E-08
250kmMH,4.42E-08
250kmMH,4.35E-08
250kmMH,2.73E-08
250kmMH,2.30E-08
250kmMH,2.23E-08
250kmMH,2.17E-08
250kmMH,4.29E-08
250kmMH,4.07E-08
250kmMH,2.36E-08
250kmMH,2.59E-08
250kmMH,4.29E-08
250kmMH,1.64E-08
250kmMH,1.95E-08
250kmMH,1.89E-08
250kmMH,1.71E-08
250kmMH,1.64E-08
250kmMH,1.91E-08
250kmMH,4.31E-08
250kmMH,4.38E-08
250kmMH,1.61E-08
250kmMH,4.45E-08
250kmMH,4.33E-08
250kmMH,1.63E-08
250kmMH,3.93E-08
250kmMH,1.02E-08
250kmMH,4.13E-08
250kmMH,1.82E-08
250kmMH,1.99E-08
250kmMH,1.81E-08
250kmMH,4.46E-08
250kmMH,1.96E-08
250kmMH,2.83E-08
250kmMH,1.92E-08
250kmMH,4.29E-08
250kmMH,3.05E-08
250kmMH,4.34E-08
250kmMH,2.25E-08
250kmMH,2.14E-08
250kmMH,1.96E-08
250kmMH,4.32E-08
250kmMH,2.10E-08
250kmMH,2.34E-08
250kmMH,2.59E-08
250kmMH,1.29E-08
250kmMH,2.11E-08
250kmMH,2.30E-08
250kmMH,1.93E-08
250kmMH,2.08E-08
250kmMH,4.11E-08
250kmMH,2.06E-08
250kmMH,2.01E-08
250kmMH,2.01E-08
250kmMH,3.83E-08
250kmMH,1.32E-08
250kmMH,4.36E-08
250kmMH,4.02E-08
250kmMH,2.13E-08
250kmMH,2.40E-08
250kmMH,4.35E-08
250kmMH,4.03E-08
250kmMH,1.95E-08
250kmMH,1.43E-08
250kmMH,2.34E-08
250kmMH,2.97E-08
250kmMH,1.18E-08
250kmMH,1.36E-08
250kmMH,1.02E-08
250kmMH,1.80E-08
250kmMH,4.32E-08
250kmMH,2.98E-08
250kmMH,1.36E-08
250kmMH,4.22E-08
250kmMH,3.64E-08
250kmMH,2.40E-08
250kmMH,2.05E-08
250kmMH,1.66E-08
250kmMH,1.65E-08
250kmMH,1.85E-08
250kmMH,3.51E-08
250kmMH,4.37E-08
250kmMH,4.10E-08
250kmMH,4.42E-08
250kmMH,1.26E-08
250kmMH,4.21E-08
250kmMH,2.35E-08
250kmMH,4.42E-08
250kmMH,1.68E-08
250kmMH,1.41E-08
250kmMH,3.70E-08
250kmMH,3.24E-08
250kmMH,4.32E-08
250kmMH,3.99E-08
250kmMH,2.59E-08
250kmMH,1.00E-08
250kmMH,4.48E-08
250kmMH,1.99E-08
250kmMH,4.11E-08
250kmMH,4.35E-08
250kmMH,4.42E-08
250kmMH,2.42E-08
250kmMH,4.16E-08
250kmMH,1.96E-08
250kmMH,3.98E-08
250kmMH,4.42E-08
250kmMH,3.21E-08
250kmMH,2.74E-08
250kmMH,3.69E-08
250kmMH,4.29E-08
250kmMH,4.48E-08
250kmMH,1.73E-08
250kmMH,2.29E-08
250kmMH,2.03E-08
250kmMH,1.87E-08
250kmMH,3.78E-08
250kmMH,3.17E-08
250kmMH,3.22E-08
250kmMH,1.96E-08
250kmMH,4.15E-08
250kmMH,3.87E-08
250kmMH,4.41E-08
250kmMH,3.98E-08
250kmMH,2.09E-08
250kmMH,2.07E-08
250kmMH,1.02E-08
250kmMH,3.97E-08
250kmMH,2.56E-08
250kmMH,2.15E-08
250kmMH,2.25E-08
250kmMH,2.59E-08
250kmMH,2.03E-08
250kmMH,3.91E-08
250kmMH,4.01E-08
250kmMH,4.03E-08
250kmMH,1.94E-08
250kmMH,1.82E-08
250kmMH,2.22E-08
250kmMH,4.07E-08
250kmMH,2.07E-08
250kmMH,4.01E-08
250kmMH,2.58E-08
250kmMH,2.35E-08
250kmMH,3.06E-08
250kmMH,2.46E-08
250kmMH,2.93E-08
250kmMH,1.30E-08
250kmMH,2.77E-08
250kmMH,4.42E-08
250kmMH,4.23E-08
250kmMH,1.07E-08
250kmMH,2.42E-08
250kmMH,1.87E-08
250kmMH,2.08E-08
250kmMH,4.37E-08
250kmMH,1.95E-08
250kmMH,3.38E-08
250kmMH,1.48E-08
250kmMH,2.08E-08
250kmMH,4.01E-08
250kmMH,3.38E-08
250kmMH,3.38E-08
250kmMH,2.24E-08
250kmMH,1.07E-08
250kmMH,4.07E-08
250kmMH,2.32E-08
250kmMH,4.03E-08
250kmMH,3.29E-08
250kmMH,3.98E-08
250kmMH,2.48E-08
250kmMH,2.94E-08
250kmMH,4.32E-08
250kmMH,1.54E-08
250kmMH,2.11E-08
250kmMH,4.12E-08
250kmMH,4.01E-08
250kmMH,1.97E-08
250kmMH,2.00E-08
250kmMH,2.24E-08
250kmMH,2.37E-08
250kmMH,2.12E-08
250kmMH,2.11E-08
250kmMH,3.16E-08
250kmMH,2.05E-08
250kmMH,4.39E-08
250kmMH,2.27E-08
250kmMH,2.12E-08
250kmMH,2.55E-08
250kmMH,1.24E-08
250kmMH,3.33E-08
250kmMH,4.01E-08
250kmMH,1.94E-08
250kmMH,3.73E-08
250kmMH,2.23E-08
250kmMH,2.09E-08
250kmMH,3.83E-08
250kmMH,1.87E-08
250kmMH,2.17E-08
250kmMH,4.20E-08
250kmMH,4.07E-08
250kmMH,4.40E-08
250kmMH,3.16E-08
250kmMH,4.18E-08
250kmMH,2.44E-08
250kmMH,4.18E-08
250kmMH,4.01E-08
250kmMH,2.01E-08
250kmMH,3.48E-08
250kmMH,4.06E-08
250kmMH,2.69E-08
250kmMH,1.89E-08
250kmMH,4.37E-08
250kmMH,1.94E-08
250kmMH,1.47E-08
250kmMH,1.54E-08
250kmMH,2.24E-08
250kmMH,1.78E-08
250kmMH,1.29E-08
250kmMH,2.04E-08
250kmMH,2.06E-08
250kmMH,4.06E-08
250kmMH,3.97E-08
250kmMH,4.36E-08
250kmMH,2.02E-08
250kmMH,2.10E-08
250kmMH,1.71E-08
250kmMH,3.61E-08
250kmMH,2.35E-08
250kmMH,4.00E-08
250kmMH,1.94E-08
250kmMH,1.91E-08
250kmMH,3.93E-08
250kmMH,3.74E-08
250kmMH,2.42E-08
250kmMH,1.90E-08
250kmMH,2.12E-08
250kmMH,2.15E-08
250kmMH,2.26E-08
250kmMH,1.89E-08
250kmMH,2.19E-08
250kmMH,4.26E-08
250kmMH,4.00E-08
250kmMH,1.53E-08
250kmMH,3.69E-08
250kmMH,3.14E-08
250kmMH,2.03E-08
250kmMH,1.06E-08
250kmMH,2.12E-08
250kmMH,1.91E-08
250kmMH,2.05E-08
250kmMH,2.20E-08
250kmMH,2.98E-08
250kmMH,1.96E-08
250kmMH,2.21E-08
250kmMH,4.24E-08
250kmMH,1.90E-08
250kmMH,2.11E-08
250kmMH,4.40E-08
250kmMH,2.33E-08
250kmMH,4.41E-08
250kmMH,4.01E-08
250kmMH,3.66E-08
250kmMH,1.10E-08
250kmMH,1.01E-08
250kmMH,4.38E-08
250kmMH,3.88E-08
250kmMH,2.49E-08
250kmMH,1.46E-08
250kmMH,2.28E-08
250kmMH,1.99E-08
250kmMH,4.36E-08
250kmMH,4.09E-08
250kmMH,4.26E-08
250kmMH,4.01E-08
250kmMH,2.44E-08
250kmMH,3.25E-08
250kmMH,4.34E-08
250kmMH,2.86E-08
250kmMH,4.43E-08
250kmMH,2.66E-08
250kmMH,2.19E-08
250kmMH,2.42E-08
250kmMH,4.19E-08
250kmMH,1.66E-08
250kmMH,3.53E-08
250kmMH,2.09E-08
250kmMH,2.19E-08
250kmMH,2.40E-08
250kmMH,3.34E-08
250kmMH,2.50E-08
250kmMH,1.84E-08
250kmMH,2.04E-08
250kmMH,4.48E-08
250kmMH,3.08E-08
250kmMH,4.02E-08
250kmMH,4.01E-08
250kmMH,4.35E-08
250kmMH,1.93E-08
250kmMH,4.15E-08
250kmMH,2.60E-08
250kmMH,4.03E-08
250kmMH,4.00E-08
250kmMH,2.15E-08
250kmMH,1.88E-08
250kmMH,3.87E-08
250kmMH,4.26E-08
250kmMH,1.02E-08
250kmMH,4.03E-08
250kmMH,2.19E-08
250kmMH,2.06E-08
250kmMH,9.47E-09
250kmMH,3.99E-08
250kmMH,3.34E-08
250kmMH,4.04E-08
250kmMH,2.12E-08
250kmMH,1.21E-08
250kmMH,2.14E-08
250kmMH,2.52E-08
250kmMH,4.36E-08
250kmMH,1.80E-08
250kmMH,2.31E-08
250kmMH,1.92E-08
250kmMH,1.13E-08
250kmMH,2.80E-08
250kmMH,1.30E-08
250kmMH,4.15E-08
250kmMH,4.04E-08
250kmMH,2.11E-08
250kmMH,1.79E-08
250kmMH,1.93E-08
250kmMH,3.37E-08
250kmMH,3.83E-08
250kmMH,1.96E-08
250kmMH,2.39E-08
250kmMH,2.11E-08
250kmMH,2.37E-08
250kmMH,4.36E-08
250kmMH,1.85E-08
250kmMH,4.04E-08
250kmMH,1.97E-08
250kmMH,4.04E-08
250kmMH,1.72E-08
250kmMH,2.33E-08
250kmMH,4.27E-08
250kmMH,4.03E-08
250kmMH,4.10E-08
250kmMH,1.51E-08
250kmMH,1.42E-08
250kmMH,2.79E-08
250kmMH,2.25E-08
250kmMH,9.63E-09
250kmMH,2.56E-08
250kmMH,4.35E-08
250kmMH,4.35E-08
250kmMH,4.37E-08
250kmMH,1.99E-08
250kmMH,1.54E-08
250kmMH,4.48E-08
250kmMH,2.07E-08
250kmMH,3.75E-08
250kmMH,3.97E-08
250kmMH,2.53E-08
250kmMH,1.94E-08
250kmMH,3.12E-08
250kmMH,2.07E-08
250kmMH,4.40E-08
250kmMH,4.07E-08
250kmMH,1.92E-08
250kmMH,1.85E-08
250kmMH,1.94E-08
250kmMH,3.99E-08
250kmMH,2.20E-08
250kmMH,2.70E-08
250kmMH,4.00E-08
250kmMH,4.02E-08
250kmMH,4.01E-08
250kmMH,4.38E-08
250kmMH,3.12E-08
250kmMH,1.80E-08
250kmMH,1.87E-08
250kmMH,3.22E-08
250kmMH,4.42E-08
250kmMH,4.35E-08
250kmMH,2.91E-08
250kmMH,2.01E-08
250kmMH,4.02E-08
250kmMH,3.97E-08
250kmMH,2.96E-08
250kmMH,9.94E-09
250kmMH,1.94E-08
250kmMH,3.38E-08
250kmMH,3.99E-08
250kmMH,4.42E-08
250kmMH,2.80E-08
250kmMH,3.06E-08
250kmMH,4.42E-08
250kmMH,2.02E-08
250kmMH,2.93E-08
250kmMH,4.04E-08
250kmMH,3.46E-08
250kmMH,2.67E-08
250kmMH,3.47E-08
250kmMH,4.38E-08
250kmMH,9.98E-09
250kmMH,4.10E-08
250kmMH,2.38E-08
250kmMH,1.94E-08
250kmMH,2.12E-08
250kmMH,2.40E-08
250kmMH,4.02E-08
250kmMH,4.41E-08
250kmMH,3.98E-08
250kmMH,4.06E-08
250kmMH,1.93E-08
250kmMH,3.23E-08
250kmMH,2.83E-08
250kmMH,3.45E-08
250kmMH,4.05E-08
250kmMH,2.20E-08
250kmMH,2.08E-08
250kmMH,4.38E-08
250kmMH,2.26E-08
250kmMH,9.80E-09
250kmMH,4.15E-08
250kmMH,1.63E-08
250kmMH,3.90E-08
250kmMH,2.42E-08
250kmMH,2.82E-08
250kmMH,1.97E-08
250kmMH,4.09E-08
250kmMH,2.32E-08
250kmMH,4.24E-08
250kmMH,3.47E-08
250kmMH,9.51E-09
250kmMH,3.47E-08
250kmMH,1.20E-08
250kmMH,3.87E-08
250kmMH,4.03E-08
250kmMH,4.12E-08
250kmMH,1.90E-08
250kmMH,4.48E-08
250kmMH,4.39E-08
250kmMH,1.85E-08
250kmMH,2.80E-08
250kmMH,4.07E-08
250kmMH,1.70E-08
250kmMH,3.65E-08
250kmMH,2.16E-08
250kmMH,3.97E-08
250kmMH,1.84E-08
250kmMH,1.94E-08
250kmMH,4.41E-08
250kmMH,2.39E-08
250kmMH,2.23E-08
250kmMH,4.40E-08
250kmMH,1.90E-08
250kmMH,4.34E-08
250kmMH,1.93E-08
250kmMH,4.28E-08
250kmMH,1.84E-08
250kmMH,4.08E-08
250kmMH,1.60E-08
250kmMH,4.39E-08
250kmMH,4.06E-08
250kmMH,3.00E-08
250kmMH,1.61E-08
250kmMH,2.70E-08
250kmMH,3.48E-08
250kmMH,2.14E-08
250kmMH,2.02E-08
250kmMH,4.04E-08
250kmMH,4.27E-08
250kmMH,2.34E-08
250kmMH,3.88E-08
250kmMH,3.13E-08
250kmMH,4.43E-08
250kmMH,2.31E-08
250kmMH,4.30E-08
250kmMH,2.22E-08
250kmMH,3.79E-08
250kmMH,2.00E-08
250kmMH,4.46E-08
250kmMH,2.84E-08
250kmMH,2.83E-08
250kmMH,1.88E-08
250kmMH,3.95E-08
250kmMH,4.19E-08
250kmMH,1.86E-08
250kmMH,1.38E-08
250kmMH,4.11E-08
250kmMH,3.95E-08
250kmMH,2.16E-08
250kmMH,1.52E-08
250kmMH,2.55E-08
250kmMH,4.28E-08
250kmMH,2.02E-08
250kmMH,3.08E-08
250kmMH,1.94E-08
250kmMH,3.90E-08
250kmMH,2.55E-08
250kmMH,1.92E-08
250kmMH,4.32E-08
250kmMH,1.40E-08
250kmMH,4.19E-08
250kmMH,3.98E-08
250kmMH,2.23E-08
250kmMH,4.43E-08
250kmMH,4.03E-08
250kmMH,4.01E-08
250kmMH,1.88E-08
250kmMH,1.89E-08
250kmMH,3.84E-08
250kmMH,4.42E-08
250kmMH,2.81E-08
250kmMH,1.91E-08
250kmMH,4.25E-08
250kmMH,2.93E-08
250kmMH,3.42E-08
250kmMH,3.75E-08
250kmMH,4.09E-08
250kmMH,3.26E-08
250kmMH,3.75E-08
250kmMH,4.16E-08
250kmMH,3.96E-08
250kmMH,4.42E-08
250kmMH,3.05E-08
250kmMH,2.94E-08
250kmMH,4.15E-08
250kmMH,4.03E-08
250kmMH,1.99E-08
250kmMH,4.01E-08
250kmMH,1.85E-08
250kmMH,1.04E-08
250kmMH,3.97E-08
250kmMH,4.24E-08
250kmMH,4.41E-08
250kmMH,4.11E-08
250kmMH,4.17E-08
250kmMH,2.16E-08
250kmMH,1.79E-08
250kmMH,3.44E-08
250kmMH,1.99E-08
250kmMH,1.94E-08
250kmMH,4.35E-08
250kmMH,2.45E-08
250kmMH,1.40E-08
250kmMH,4.05E-08
250kmMH,4.16E-08
250kmMH,4.00E-08
250kmMH,2.70E-08
250kmMH,1.87E-08
250kmMH,1.93E-08
250kmMH,4.39E-08
250kmMH,3.58E-08
250kmMH,2.92E-08
250kmMH,3.28E-08
250kmMH,4.41E-08
250kmMH,4.20E-08
250kmMH,4.08E-08
250kmMH,2.18E-08
250kmMH,4.06E-08
250kmMH,2.25E-08
250kmMH,4.46E-08
250kmMH,2.12E-08
250kmMH,4.42E-08
250kmMH,3.68E-08
250kmMH,1.97E-08
250kmMH,2.60E-08
250kmMH,3.77E-08
250kmMH,3.77E-08
250kmMH,2.07E-08
250kmMH,1.81E-08
250kmMH,2.09E-08
250kmMH,2.80E-08
250kmMH,4.36E-08
250kmMH,4.00E-08
250kmMH,1.10E-08
250kmMH,2.27E-08
250kmMH,2.41E-08
250kmMH,1.09E-08
250kmMH,2.18E-08
250kmMH,4.03E-08
250kmMH,1.59E-08
250kmMH,2.16E-08
250kmMH,2.27E-08
250kmMH,2.92E-08
250kmMH,4.15E-08
250kmMH,4.15E-08
250kmMH,1.96E-08
250kmMH,1.91E-08
250kmMH,3.15E-08
250kmMH,3.04E-08
250kmMH,1.30E-08
250kmMH,3.58E-08
250kmMH,1.24E-08
250kmMH,4.00E-08
250kmMH,2.28E-08
250kmMH,1.38E-08
250kmMH,1.85E-08
250kmMH,2.21E-08
250kmMH,3.85E-08
250kmMH,3.98E-08
250kmMH,4.35E-08
250kmMH,1.90E-08
250kmMH,3.91E-08
250kmMH,1.79E-08
250kmMH,2.20E-08
250kmMH,4.07E-08
250kmMH,3.73E-08
250kmMH,1.14E-08
250kmMH,2.11E-08
250kmMH,2.81E-08
250kmMH,3.03E-08
250kmMH,2.19E-08
250kmMH,3.72E-08
250kmMH,3.96E-08
250kmMH,1.19E-08
250kmMH,4.00E-08
250kmMH,2.04E-08
250kmMH,4.40E-08
250kmMH,1.80E-08
250kmMH,1.08E-08
250kmMH,1.07E-08
250kmMH,4.16E-08
250kmMH,2.71E-08
250kmMH,2.73E-08
250kmMH,4.22E-08
250kmMH,2.46E-08
250kmMH,4.00E-08
250kmMH,4.38E-08
250kmMH,2.07E-08
250kmMH,1.67E-08
250kmMH,1.32E-08
250kmMH,2.43E-08
250kmMH,1.15E-08
250kmMH,3.97E-08
250kmMH,2.00E-08
250kmMH,2.19E-08
250kmMH,1.95E-08
250kmMH,1.96E-08
250kmMH,4.07E-08
250kmMH,3.95E-08
250kmMH,3.92E-08
250kmMH,2.49E-08
250kmMH,2.02E-08
250kmMH,3.14E-08
250kmMH,2.95E-08
250kmMH,1.13E-08
250kmMH,2.49E-08
250kmMH,1.89E-08
250kmMH,4.43E-08
250kmMH,1.18E-08
250kmMH,3.84E-08
250kmMH,2.15E-08
250kmMH,2.13E-08
250kmMH,1.86E-08
250kmMH,4.43E-08
250kmMH,2.10E-08
250kmMH,2.55E-08
250kmMH,2.17E-08
250kmMH,2.97E-08
250kmMH,9.62E-09
250kmMH,2.44E-08
250kmMH,3.43E-08
250kmMH,1.26E-08
250kmMH,2.97E-08
250kmMH,2.86E-08
250kmMH,3.93E-08
250kmMH,4.36E-08
250kmMH,2.25E-08
250kmMH,4.13E-08
250kmMH,2.04E-08
250kmMH,1.86E-08
250kmMH,2.05E-08
250kmMH,2.04E-08
250kmMH,1.94E-08
250kmMH,1.81E-08
250kmMH,2.68E-08
250kmMH,1.93E-08
250kmMH,4.49E-08
250kmMH,1.80E-08
250kmMH,2.83E-08
250kmMH,1.90E-08
250kmMH,1.85E-08
250kmMH,2.49E-08
250kmMH,1.02E-08
250kmMH,3.35E-08
250kmMH,3.88E-08
250kmMH,4.10E-08
250kmMH,3.97E-08
250kmMH,1.95E-08
250kmMH,3.20E-08
250kmMH,2.07E-08
250kmMH,2.14E-08
250kmMH,4.08E-08
250kmMH,2.24E-08
250kmMH,4.40E-08
250kmMH,2.27E-08
250kmMH,2.03E-08
250kmMH,2.59E-08
250kmMH,2.06E-08
250kmMH,4.31E-08
250kmMH,2.20E-08
250kmMH,2.06E-08
250kmMH,1.86E-08
250kmMH,4.15E-08
250kmMH,1.76E-08
250kmMH,4.29E-08
250kmMH,2.50E-08
250kmMH,4.13E-08
250kmMH,9.99E-09
250kmMH,1.87E-08
250kmMH,2.16E-08
250kmMH,1.07E-08
250kmMH,2.83E-08
250kmMH,4.48E-08
250kmMH,1.80E-08
250kmMH,2.13E-08
250kmMH,3.91E-08
250kmMH,4.03E-08
250kmMH,2.14E-08
250kmMH,1.86E-08
250kmMH,4.38E-08
250kmMH,2.84E-08
250kmMH,2.59E-08
250kmMH,2.26E-08
250kmMH,4.29E-08
250kmMH,3.32E-08
250kmMH,4.36E-08
250kmMH,1.48E-08
250kmMH,1.97E-08
250kmMH,4.18E-08
250kmMH,2.18E-08
250kmMH,3.97E-08
250kmMH,2.39E-08
250kmMH,2.69E-08
250kmMH,4.30E-08
250kmMH,9.68E-09
250kmMH,2.00E-08
250kmMH,2.02E-08
250kmMH,1.97E-08
250kmMH,4.20E-08
250kmMH,2.21E-08
250kmMH,2.43E-08
250kmMH,4.48E-08
250kmMH,1.39E-08
250kmMH,2.34E-08
250kmMH,1.20E-08
250kmMH,2.00E-08
250kmMH,2.68E-08
250kmMH,2.15E-08
250kmMH,4.02E-08
250kmMH,1.48E-08
250kmMH,2.60E-08
250kmMH,4.00E-08
250kmMH,4.32E-08
250kmMH,2.22E-08
250kmMH,4.00E-08
250kmMH,2.76E-08
250kmMH,2.43E-08
250kmMH,4.31E-08
250kmMH,3.94E-08
250kmMH,1.63E-08
250kmMH,2.27E-08
250kmMH,4.21E-08
250kmMH,2.16E-08
250kmMH,2.12E-08
250kmMH,2.48E-08
250kmMH,4.25E-08
250kmMH,4.31E-08
250kmMH,2.89E-08
250kmMH,2.42E-08
250kmMH,2.24E-08
250kmMH,3.99E-08
250kmMH,3.68E-08
250kmMH,2.05E-08
250kmMH,1.94E-08
250kmMH,4.45E-08
250kmMH,2.61E-08
250kmMH,2.38E-08
250kmMH,2.12E-08
250kmMH,4.41E-08
250kmMH,1.32E-08
250kmMH,1.19E-08
250kmMH,1.95E-08
250kmMH,4.17E-08
250kmMH,4.00E-08
250kmMH,1.93E-08
250kmMH,2.22E-08
250kmMH,4.28E-08
250kmMH,3.47E-08
250kmMH,9.58E-09
250kmMH,3.95E-08
250kmMH,4.03E-08
250kmMH,4.23E-08
250kmMH,4.12E-08
250kmMH,1.39E-08
250kmMH,2.08E-08
250kmMH,3.69E-08
250kmMH,2.51E-08
250kmMH,3.99E-08
250kmMH,2.25E-08
250kmMH,2.29E-08
250kmMH,4.41E-08
250kmMH,3.99E-08
250kmMH,4.04E-08
250kmMH,2.16E-08
250kmMH,2.24E-08
250kmMH,4.24E-08
250kmMH,3.97E-08
250kmMH,2.09E-08
250kmMH,1.08E-08
250kmMH,2.71E-08
250kmMH,1.72E-08
250kmMH,3.43E-08
250kmMH,4.01E-08
250kmMH,3.71E-08
250kmMH,2.35E-08
250kmMH,3.48E-08
250kmMH,2.65E-08
250kmMH,1.34E-08
250kmMH,1.59E-08
250kmMH,1.53E-08
250kmMH,1.88E-08
250kmMH,4.04E-08
250kmMH,1.36E-08
250kmMH,2.02E-08
250kmMH,4.33E-08
250kmMH,2.44E-08
250kmMH,4.03E-08
250kmMH,1.86E-08
250kmMH,1.91E-08
250kmMH,2.34E-08
250kmMH,2.67E-08
250kmMH,1.34E-08
250kmMH,2.35E-08
250kmMH,3.35E-08
250kmMH,4.20E-08
250kmMH,2.03E-08
250kmMH,3.59E-08
250kmMH,4.24E-08
250kmMH,4.28E-08
250kmMH,2.39E-08
250kmMH,1.78E-08
250kmMH,4.39E-08
250kmMH,1.14E-08
250kmMH,3.95E-08
250kmMH,3.60E-08
250kmMH,2.19E-08
250kmMH,3.43E-08
250kmMH,1.19E-08
250kmMH,3.06E-08
250kmMH,3.02E-08
250kmMH,1.05E-08
250kmMH,4.00E-08
250kmMH,2.27E-08
250kmMH,9.40E-09
250kmMH,2.06E-08
250kmMH,3.09E-08
250kmMH,2.32E-08
250kmMH,4.24E-08
250kmMH,2.14E-08
250kmMH,4.17E-08
250kmMH,2.11E-08
250kmMH,4.24E-08
250kmMH,4.47E-08
250kmMH,4.30E-08
250kmMH,1.59E-08
250kmMH,1.99E-08
250kmMH,1.52E-08
250kmMH,4.13E-08
250kmMH,1.09E-08
250kmMH,4.15E-08
250kmMH,1.60E-08
250kmMH,2.67E-08
250kmMH,2.63E-08
250kmMH,9.16E-09
250kmMH,2.14E-08
250kmMH,2.00E-08
250kmMH,3.74E-08
250kmMH,1.47E-08
250kmMH,4.06E-08
250kmMH,4.29E-08
250kmMH,3.33E-08
250kmMH,1.03E-08
250kmMH,1.24E-08
250kmMH,4.35E-08
250kmMH,4.45E-08
250kmMH,4.30E-08
250kmMH,3.66E-08
250kmMH,1.39E-08
250kmMH,4.42E-08
250kmMH,4.18E-08
250kmMH,4.27E-08
250kmMH,1.39E-08
250kmMH,2.08E-08
250kmMH,2.57E-08
250kmMH,4.31E-08
250kmMH,3.97E-08
250kmMH,2.49E-08
250kmMH,4.10E-08
250kmMH,1.88E-08
250kmMH,2.28E-08
250kmMH,1.45E-08
250kmMH,3.99E-08
250kmMH,4.03E-08
250kmMH,4.11E-08
250kmMH,4.21E-08
250kmMH,4.34E-08
250kmMH,2.13E-08
250kmMH,4.25E-08
250kmMH,3.81E-08
250kmMH,2.06E-08
250kmMH,1.99E-08
250kmMH,2.28E-08
250kmMH,2.10E-08
250kmMH,3.33E-08
250kmMH,4.10E-08
250kmMH,1.96E-08
250kmMH,1.86E-08
250kmMH,2.71E-08
250kmMH,2.26E-08